Timestamp,ISBN-13,Book Title,Category,Format,Price in NPR (रु),Price in IC (₹),Price in Pound (£),Price in USD ($),Quantity in Stock,Status,Total Stock Value,Notes
3/4/2025 10:08:51,9789356962668,An Insider’s Guide to Cases in Clinical Medicine (Long and Short Cases),Medical,Paperback,"Rs 1,360.00",₹ 795.00,,,3,In stock,"Rs 4,080.00",
3/4/2025 10:08:51,9781265017422,FIRST AID FOR THE USMLE STEP 2 CK 11E,Medical,Paperback,"Rs 5,140.00","₹ 3,182.00",,,2,Temporarily unavailable,"Rs 10,280.00",
3/4/2025 10:08:51,9781266267901,"CURRENT MEDICAL DIAGNOSIS & TREATMENT 2025, 64th Ed.",Medical,Paperback,"Rs 8,920.00","₹ 5,569.00",,,2,Re-purchase needed,"Rs 17,840.00",
3/4/2025 10:08:51,9781444146059,"Browse's Introduction to the Symptoms & Signs of Surgical Disease, Fifth Edition",Medical,Paperback,"Rs 2,860.79",,£ 15.95,,2,Sold out,"Rs 5,721.58",
3/4/2025 10:08:51,9781264842087,IE Morgan and Mikhail's Clinical Anesthesiology,Medical,Paperback,"Rs 7,900.00","₹ 5,056.00",,,1,,"Rs 7,900.00",
3/4/2025 10:08:51,9780702068645,"Bancroft's Theory and Practice of Histological Techniques, 8e",Medical,Hardcover,"Rs 27,192.00","₹ 14,500.00",,,1,,"Rs 27,192.00",
3/4/2025 10:08:51,9789351291497,"Marriott’S Practical Electrocardiography, 12ed",Medical,Paperback,"Rs 3,860.00","₹ 2,099.00",,,1,,"Rs 3,860.00",
3/4/2025 10:08:51,9788123922898,Lachman Liebermans The Theory And Practice Of Industrial Pharmacy 4Ed,Medical,Paperback,"Rs 1,600.00",₹ 895.00,,,1,,"Rs 1,600.00",
3/4/2025 10:08:51,9788184735581,Pharmacognosy: 9th Edition,Medical,Paperback,"Rs 1,920.00","₹ 1,195.00",,,2,,"Rs 3,840.00",
3/4/2025 10:08:51,9788180611605,A Handbook of Vitiligo and Colour Atlas,Medical,Hardcover,"Rs 1,200.00",₹ 750.00,,,1,,"Rs 1,200.00",
3/4/2025 10:08:51,9788131263259,"Felson's Principles of Chest Roentgenology: A Programmed Text, 5e-South Asia Edition",Medical,Paperback,"Rs 2,360.00","₹ 1,410.00",,,1,,"Rs 2,360.00",
3/4/2025 10:08:51,9788131228289,Textbook Of Pharmaceutical Biotechnology,Medical,Paperback,Rs 760.00,₹ 395.00,,,1,,Rs 760.00,
3/4/2025 10:08:51,9788131240588,Munro Kerr's Operative Obstetrics,Medical,Paperback,"Rs 1,800.00",₹ 972.00,,,1,,"Rs 1,800.00",
3/4/2025 10:08:51,9780750613637,Pye's Surgical Handicraft,Medical,Hardcover,Rs 792.00,₹ 895.00,,,2,,"Rs 1,584.00",
3/4/2025 10:08:51,9781118406465,Cotton and Williams' Practical Gastrointestinal Endoscopy: The Fundamentals,Medical,Hardcover,"Rs 11,040.00","₹ 6,900.00",,,1,,"Rs 11,040.00",
3/4/2025 10:08:51,9780702082665,"Hutchison's Clinical Methods: An Integrated Approach to Clinical Practice, International Edition, 25e",Medical,Paperback,"Rs 3,672.00","₹ 2,235.00",,,3,,"Rs 11,016.00",
3/4/2025 10:08:51,9789356963009,Review of Preventive & Social Medicine (Including Biostatistics) 15th,Medical,Paperback,"Rs 3,032.00","₹ 1,680.00",,,2,,"Rs 6,064.00",
3/4/2025 10:08:51,9788131242384,Pharmacology: Prep Manual for Undergraduates 3rd,Medical,Paperback,"Rs 1,600.00",,,,1,,"Rs 1,600.00",
3/4/2025 10:08:51,9788126528585,Medicinal Chemistry: An Introduction,Medical,Paperback,"Rs 1,760.00","₹ 1,302.00",,,1,,"Rs 1,760.00",
3/4/2025 10:08:51,9788122419603,"Pharmacognosy and Pharmacobiotechnology, 2nd",Medical,Paperback,Rs 632.00,₹ 395.00,,,1,,Rs 632.00,
3/4/2025 10:08:51,9788123919171,Pharmacognosy with 140 Colour Photographs 16Ed,Medical,Paperback,Rs 632.00,₹ 695.00,,,1,,Rs 632.00,
3/4/2025 10:08:51,9780702042911,"Aulton's Pharmaceutics: The Design and Manufacture of Medicines, International Edition 4th",Medical,Paperback,"Rs 3,497.52",,£ 19.50,,1,,"Rs 3,497.52",
3/4/2025 10:08:51,9788131263716,"Theory and Practice of Optics and Refraction, 5e",Medical,Paperback,"Rs 2,520.00","₹ 1,595.00",,,1,,"Rs 2,520.00",
3/4/2025 10:08:51,9789387085817,THEORY AND PRACTICE OF SQUINT AND ORTHOPTICS 3ED,Medical,Hardcover,"Rs 2,392.00","₹ 1,495.00",,,1,,"Rs 2,392.00",
3/4/2025 10:08:51,9789354665684,"Modern System of Ophthalmology Principles and Practice of Glaucoma, 2/e",Medical,Hardcover,"Rs 2,072.00","₹ 1,295.00",,,1,,"Rs 2,072.00",
3/4/2025 10:08:51,9780323672801,"Guyton and Hall Textbook of Medical Physiology, International Edition, 14e",Medical,Paperback,"Rs 4,630.00","₹ 5,525.00",,,1,,"Rs 4,630.00",
3/4/2025 10:08:51,9788197055973,"Lippincott's Illustrated Reviews Biochemistry, 2nd South Asian ed",Medical,Paperback,"Rs 2,880.00","₹ 1,799.00",,,1,,"Rs 2,880.00",
3/4/2025 10:08:51,9788126538973,Leoschamroth: An Introduction To Electro Cardiography,Medical,Paperback,"Rs 1,592.00",₹ 995.00,,,7,,"Rs 11,144.00",
3/4/2025 10:08:51,9789395736367,"Langman’s Medical Embryology, 2nd South Asian ed",Medical,Paperback,"Rs 2,320.00","₹ 1,449.00",,,1,,"Rs 2,320.00",
3/4/2025 10:08:51,9780723436980,"Abrahams' and McMinn's Clinical Atlas of Human Anatomy, International Edition, 7e",Medical,Paperback,"Rs 4,232.00",,,,2,,"Rs 8,464.00",
3/4/2025 10:08:51,9788131257555,"Practical Fracture Treatment, International Edition, 5e",Medical,Paperback,"Rs 2,072.00",,,,3,,"Rs 6,216.00",
3/4/2025 10:08:51,9780199641369,Oxford Handbook of Acute Medicine,Medical,Paperback,"Rs 1,280.00",₹ 799.00,,,1,,"Rs 1,280.00",
3/4/2025 10:08:51,9780199651610,Oxford Handbook Of Nephrology And Hypertension 2E,Medical,Paperback,"Rs 1,912.00","₹ 1,195.00",,,1,,"Rs 1,912.00",
3/4/2025 10:08:51,9788131249017,The Harriet Lane Handbook: First South Asia Edition,Medical,Paperback,"Rs 2,520.00","₹ 1,250.00",,,1,,"Rs 2,520.00",
3/4/2025 10:08:51,9780443102561,ABDOMINAL X-RAY MADE EASY,Medical,Paperback,"Rs 1,784.63",,£ 9.95,,2,,"Rs 3,569.26",
3/4/2025 10:08:51,9788131234907,Churchill's Pocketbook of Cardiology,Medical,Paperback,"Rs 1,760.00",,,,1,,"Rs 1,760.00",
3/4/2025 10:08:51,9780199643219,OXFORD HANDBOOK OF CARDIOLOGY,Medical,Paperback,"Rs 1,432.00",₹ 895.00,,,1,,"Rs 1,432.00",
3/4/2025 10:08:51,9780198703860,Oxford Handbook of Respiratory Medicine,Medical,Paperback,"Rs 1,272.00",₹ 795.00,,,1,,"Rs 1,272.00",
3/4/2025 10:08:51,9780702039942,"Churchill's Pocketbook of Surgery, International Edition",Medical,Paperback,"Rs 1,612.45",,£ 8.99,,1,,"Rs 1,612.45",
3/4/2025 10:08:51,9780443103933,Paediatric Clinical Examination Made Easy,Medical,Paperback,"Rs 1,433.09",,£ 7.99,,1,,"Rs 1,433.09",
3/4/2025 10:08:51,9789386150202,ECHO Made Easy,Medical,Paperback,"Rs 1,592.00",,,,1,,"Rs 1,592.00",
3/4/2025 10:08:51,9788184488050,Clinical Examination Methods in Orthopedics,Medical,Paperback,Rs 200.00,,,,1,,Rs 200.00,
3/4/2025 10:08:51,9780198713920,Oxford Handbook of Clinical Surgery,Medical,Paperback,"Rs 1,112.00",₹ 695.00,,,1,,"Rs 1,112.00",
3/4/2025 10:08:51,9788131203057,Multiple Choice Questions in Physiology,Medical,Paperback,Rs 520.00,,,,1,,Rs 520.00,
3/4/2025 10:08:51,9798123908860,Textbook of Pharmacognosy 5th ,Medical,Paperback,Rs 544.00,,,,1,,Rs 544.00,
3/4/2025 10:08:51,9780857205254,Dr. Spocks Baby and Childcare in India,Medical,Paperback,Rs 840.00,₹ 525.00,,,1,,Rs 840.00,
3/4/2025 10:08:51,9780199666379,A Dictionary of Nursing,Medical,Paperback,Rs 800.00,,,,1,,Rs 800.00,
3/4/2025 10:08:51,9781471147531,"What to Expect When You're Expecting, 5th",Medical,Paperback,"Rs 1,120.00",₹ 699.00,,,1,,"Rs 1,120.00",
3/4/2025 10:08:51,9780804110389,Dr. Dean Ornish's Program for Reversing Heart Disease,Medical,Paperback,Rs 638.40,₹ 399.00,,,1,,Rs 638.40,
3/4/2025 10:08:51,9789354668777,DRUG DOSAGES IN CHILDREN 11ED,Medical,Paperback,Rs 760.00,,,,2,,"Rs 1,520.00",
3/4/2025 10:08:51,9788123909264,The Pocket Medical Dictionary,Medical,Paperback,Rs 120.00,₹ 75.00,,,1,,Rs 120.00,
3/4/2025 10:08:51,9789389188998,Practical Orthopedic Examination Made Easy,Medical,Paperback,"Rs 1,840.00",,,,2,,"Rs 3,680.00",
3/4/2025 10:08:51,9780198713920,Oxford Handbook of Clinical Surgery,Medical,Paperback,"Rs 1,120.00",,,,1,,"Rs 1,120.00",
3/4/2025 10:08:51,9780198827207,Oxford Handbook of Clinical Specialties,Medical,Paperback,"Rs 1,395.00",,,,1,,"Rs 1,395.00",
3/4/2025 10:08:51,9788131262115,"Robbins and Cotran Pathologic Basis of Disease (Two Vol Set), 10e, South Asia Edition",Medical,Paperback,"Rs 5,880.00",,,,1,,"Rs 5,880.00",
3/4/2025 10:08:51,9788186793695,Essential Of Medical Physiology 3/Ed,Medical,Paperback,Rs 960.00,₹ 600.00,,,3,,"Rs 2,880.00",
3/4/2025 10:08:51,9789351296683,"Essentials of Foye's Principles of Medicinal Chemistry, South Asian ed",Medical,Paperback,"Rs 1,960.00",,,,1,,"Rs 1,960.00",
3/4/2025 10:08:51,9789389859379,"Snell's Clinical Neuroanatomy, South Asian ed",Medical,Paperback,"Rs 4,040.00",,,,1,,"Rs 4,040.00",
3/4/2025 10:08:51,9788131525180,PARASITOLOGY FOR MEDICAL AND CLINICAL LABORATORY PROFESSIONALS,Medical,Paperback,"Rs 1,272.00",,,,1,,"Rs 1,272.00",
3/4/2025 10:08:51,9788193837320,All India NEET PGMEE Pattern Volume-2 ( 2015-2011 ),Medical,Paperback,"Rs 2,360.00","₹ 1,475.00",,,1,,"Rs 2,360.00",
3/4/2025 10:08:51,9788131244647,Textbook of Clinical Neuroanatomy,Medical,Paperback,"Rs 1,000.00",,,,1,,"Rs 1,000.00",
3/4/2025 10:08:51,9780323793742,"Atlas of Human Anatomy, International Edition, 8e",Medical,Paperback,"Rs 3,712.00",,,,1,,"Rs 3,712.00",
3/4/2025 10:08:51,9780323640633,"Sabiston Textbook of Surgery International Edition, 21e",Medical,Hardcover,"Rs 15,672.00",,,,1,,"Rs 15,672.00",
3/4/2025 10:08:51,9780702083488,"Davidson's Principles and Practice of Medicine, International Edition, 24e",Medical,Paperback,"Rs 5,272.00",,,,3,,"Rs 15,816.00",
3/4/2025 10:08:51,9780702078699,"KUMAR AND CLARK'S CLINICAL MEDICINE (INTERNATIONAL EDITION), 10e",Medical,Paperback,"Rs 6,720.00",,,,1,,"Rs 6,720.00",
3/4/2025 10:08:51,9789354665073,GHAI Essential Pediatrics 10th Ed,Medical,Hardcover,"Rs 2,320.00",,,,1,,"Rs 2,320.00",
3/4/2025 10:08:51,9789384007591,Biostatistics 3Ed,Medical,Paperback,Rs 880.00,₹ 550.00,,,1,,Rs 880.00,
3/4/2025 10:08:51,9788131525142,CLINICAL APPLICATION OF MECHANICAL VENTILATION 4ED,Medical,Paperback,"Rs 2,230.00","₹ 1,395.00",,,2,,"Rs 4,460.00",
3/4/2025 10:08:51,9780192615985,PRIMARY SURGERY VOL 2,Medical,Paperback,"Rs 2,392.00","₹ 1,495.00",,,1,,"Rs 2,392.00",
3/4/2025 10:08:51,9780195677850,PRIMARY SURGERY VOL 2,Medical,Paperback,"Rs 2,392.00","₹ 1,495.00",,,1,,"Rs 2,392.00",
3/4/2025 10:08:51,9780192616944,PRIMARY SURGERY VOL 1: Non-Trauma,Medical,Paperback,"Rs 2,392.00","₹ 1,495.00",,,1,,"Rs 2,392.00",
3/4/2025 10:08:51,9788131254158,"Parsons Diseases Of The Eye, 23e",Medical,Paperback,"Rs 2,952.00",,,,1,,"Rs 2,952.00",
3/4/2025 10:08:51,9788123920481,GLASSCOCK SHAMBAUGH SURGERY OF THE EAR 6ED,Medical,Hardcover,"Rs 5,432.00",,,,1,,"Rs 5,432.00",
3/4/2025 10:08:51,9789354653766,"Essential Orthopaedics, 7e",Medical,Paperback,"Rs 1,432.00",₹ 895.00,,,1,,"Rs 1,432.00",
3/4/2025 10:08:51,9788131264355,"Biochemistry, 6e",Medical,Paperback,"Rs 2,920.00",,,,2,,"Rs 5,840.00",
3/4/2025 10:08:51,9788131255742,"Gray's Anatomy for Students, 2nd South Asia Edition",Medical,Paperback,"Rs 6,800.00",,,,2,,"Rs 13,600.00",
3/4/2025 10:08:51,9789356963337,Comprehensive Ophthalmology With Ophthalmology Logbook Plus Practical Ophthalmology (REVISED REPRINT),Medical,Paperback,"Rs 2,552.00",,,,1,,"Rs 2,552.00",
3/4/2025 10:08:51,9780470675076,Lishman's Organic Psychiatry: A Textbook of Neuropsychiatry,Medical,Paperback,"Rs 15,865.00",,,,1,,"Rs 15,865.00",
3/4/2025 10:08:51,9789389702132,"DeJong’s The Neurologic Examination, South Asian ed",Medical,Hardcover,"Rs 6,400.00",,,,1,,"Rs 6,400.00",
3/4/2025 10:08:51,9781032301518,Bailey & Love's : Short Practice of Surgery (International Student's Edition 28th) (Set of 2 Books),Medical,Paperback,"Rs 9,500.00",,,,2,,"Rs 19,000.00",
3/4/2025 10:08:51,9788129104540,PREGNANCY THE COMPLETE CHILDBIRTH BOOK,Medical,Hardcover,"Rs 1,272.00",₹ 795.00,,,1,,"Rs 1,272.00",
3/4/2025 10:08:51,9780198867807,New Oxford Textbook of Psychiatry(SAE)-3E,Medical,Hardcover,"Rs 22,500.00",,,,1,,"Rs 22,500.00",
3/4/2025 10:08:51,9780521498456,Statistical Methods in Biology,Medical,Paperback,Rs 472.00,,,,1,,Rs 472.00,
3/4/2025 10:08:51,9788131794012,HOSPITAL MANAGEMENT: TEXT AND CASES,Medical,Paperback,Rs 625.00,,,,2,,"Rs 1,250.00",
3/4/2025 10:08:51,9780071067652,"Sociology And Health Care: An Introduction For Nurses, Midwives And Allied Health Professionals",Medical,Paperback,Rs 880.00,,,,1,,Rs 880.00,
3/4/2025 10:08:51,9788131508206,Financial Management in Health Care Services,Medical,Paperback,Rs 440.00,,,,1,,Rs 440.00,
3/4/2025 10:08:51,9780198814726,Epidemiological Studies: A Practical Guide,Medical,Paperback,"Rs 3,192.00","₹ 1,995.00",,,1,,"Rs 3,192.00",
3/4/2025 10:08:51,9789353164799,"Health Psychology, 10Th Edition",Medical,Paperback,"Rs 1,340.00",,,,1,,"Rs 1,340.00",
3/4/2025 10:08:51,9789390612024,Kaplan and Sadock's Synopsis of Psychiatry -12E,Medical,Paperback,"Rs 8,960.00","₹ 5,599.00",,,4,,"Rs 35,840.00",
3/4/2025 10:08:51,9788131263853,Diseases Of The Ear Nose And Throat And Head And Neck Surgery 8Ed With Manual Of Clinical Cases In Ear Nose And Throat 2Ed,Medical,Paperback,"Rs 3,112.00",,,,1,,"Rs 3,112.00",
3/4/2025 10:08:51,9789354654459,An Insider’s Guide to Clinical Medicine,Medical,Paperback,"Rs 1,912.00","₹ 1,195.00",,,9,,"Rs 17,208.00",
3/4/2025 10:08:51,9789389702132,DEJONG`S THE NEUROLOGIC EXAMINATION,Medical,Hardcover,"Rs 6,400.00",,,,1,,"Rs 6,400.00",
3/4/2025 10:08:51,9781108814867,Fish's Clinical Psychopathology: Signs and Symptoms in Psychiatry,Medical,Paperback,"Rs 1,272.00",,,,3,,"Rs 3,816.00",
3/4/2025 10:08:51,9788131268308,Sims' Symptoms in the Mind: Textbook of Descriptive Psychopathology,Medical,Paperback,"Rs 3,992.00",,,,6,,"Rs 23,952.00",
3/4/2025 10:08:51,9781009365796,Stahl's Essential Psychopharmacology: Neuroscientific Basis and Practical Applications,Medical,Paperback,"Rs 6,072.00","₹ 3,795.00",,,5,,"Rs 30,360.00",
3/4/2025 10:08:51,9780198855729,SHORTER OXFORD TEXTBOOK OF PSYCHIATRY 7E,Medical,Paperback,"Rs 3,192.00","₹ 1,995.00",,,18,,"Rs 57,456.00",
3/4/2025 10:08:51,9789386322739,NEW ACROSS: A Complete Review of Short Subjects (3 Vol. Set),Medical,Paperback,"Rs 2,880.00",,,,1,,"Rs 2,880.00",
3/4/2025 10:08:51,9789351527893,QUICK REVIEW OF PGMEE VOL.3 FOR VARIOUS P.G. MEDICAL ENTRANCE EXAMINATIONS,Medical,Paperback,"Rs 3,160.00",,,,2,,"Rs 6,320.00",
3/4/2025 10:08:51,9789395736459,"Cloherty and Stark’s Manual of Neonatal Care, 2nd South Asian ed",Medical,Paperback,"Rs 2,800.00",,,,1,,"Rs 2,800.00",
3/4/2025 10:08:51,9789354667718,"Bedside Clinics in Medicine, 9/e, Part I",Medical,Paperback,"Rs 1,592.00",₹ 995.00,,,6,,"Rs 9,552.00",
3/4/2025 10:08:51,9789354668593,"Bedside Clinics in Medicine, 9/e, Part II",Medical,Paperback,"Rs 1,112.00",₹ 695.00,,,6,,"Rs 6,672.00",
3/4/2025 10:08:51,9789356961203,Bedside Clinics in Gynecology,Medical,Paperback,"Rs 3,192.00","₹ 1,775.00",,,5,,"Rs 15,960.00",
3/4/2025 10:08:51,9789356963337,Comprehensive Ophthalmology With Ophthalmology Logbook Plus Practical Ophthalmology (REVISED REPRINT) ,Medical,Paperback,"Rs 2,552.00",,,,1,,"Rs 2,552.00",
3/4/2025 10:08:51,9788176711326,INTRODUCTION TO PSYCHOLOGY 8e,Medical,Paperback,"Rs 1,440.00","₹ 1,099.00",,,3,,"Rs 4,320.00",
3/4/2025 10:08:51,9781444175943,Farquharson's Textbook of Operative General Surgery ,Medical,Paperback,"Rs 8,208.00","₹ 5,053.50",,,2,,"Rs 16,416.00",
3/4/2025 10:08:51,9789394102545,"Textbook of Gynecology, 2e",Medical,Hardcover,"Rs 4,400.00",,,,0,,Rs 0.00,
3/4/2025 10:08:51,9788123920481,GLASSCOCK SHAMBAUGH SURGERY OF THE EAR 6E,Medical,Hardcover,"Rs 5,430.00","₹ 3,595.00",,,3,,"Rs 16,290.00",
3/4/2025 10:08:51,9788131270462,Gordis Epidemiology 7e,Medical,Paperback,"Rs 5,592.00","₹ 3,495.00",,,2,,"Rs 11,184.00",
3/4/2025 10:08:51,9789353436537,"Biostatistics For The Biological And Health Sciences, 2e",Medical,Paperback,"Rs 1,166.40",₹ 729.00,,,2,,"Rs 2,332.80",
3/4/2025 10:08:51,9780443061998,Gynecology Illustrated,Medical,Paperback,"Rs 1,524.56",,£ 8.50,,1,,"Rs 1,524.56",
3/4/2025 10:08:51,9780230226524,Foundations Nursing Prac Indian ed,Medical,Paperback,Rs 850.00,,,,1,,Rs 850.00,
3/4/2025 10:08:51,9788194709022,"Tuberculosis of the Skeletal System (Bones, Joints, Spine and Bursal Sheaths)",Medical,Hardcover,"Rs 2,872.00",,,,3,,"Rs 8,616.00",
3/4/2025 10:08:51,9788131724187,Mental Health Nursing with CD,Medical,Paperback,,,,,1,,Rs 0.00,
3/4/2025 10:08:51,9789353436520,"Nursing Theories: The Base for Professional Nursing Practice, 6e",Medical,Paperback,"Rs 1,358.40",₹ 849.00,,,1,,"Rs 1,358.40",
3/4/2025 10:08:51,9789354653766,Essential Orthopaedics,Medical,Paperback,"Rs 1,430.00",₹ 895.00,,,2,,"Rs 2,860.00",
3/4/2025 10:08:51,9789380108445,Management and Leadership for Nurse Administrators,Medical,Paperback,"Rs 1,112.00",₹ 695.00,,,1,,"Rs 1,112.00",
3/4/2025 10:08:51,9789390020669,Bedside Clinics in Orthopedics,Medical,Paperback,"Rs 2,552.00",,,,2,,"Rs 5,104.00",
3/4/2025 10:08:51,9789353437770,Foundations in Nursing Research 6e,Medical,Paperback,Rs 638.40,₹ 399.00,,,2,,"Rs 1,276.80",
3/4/2025 10:08:51,9789389776768,MISSION ONCOLOGY for MCh,Medical,Paperback,"Rs 1,360.00",₹ 850.00,,,1,,"Rs 1,360.00",
3/4/2025 10:08:51,9788123923451,"FIVE TEACHERS TEXTBOOK OF GYNAECOLOGY, 7E",Medical,Paperback,"Rs 1,112.00",,,,1,,"Rs 1,112.00",
3/4/2025 10:08:51,9788126538980,Bickerstaff's Neurological Examination In Clinical Practice,Medical,Paperback,"Rs 1,752.00","₹ 1,095.00",,,10,,"Rs 17,520.00",
3/4/2025 10:08:51,9789383989690,Current Progress In Obstetrics & Gynaceology (Vol 6),Medical,Paperback,"Rs 1,800.00",,,,1,,"Rs 1,800.00",
3/4/2025 10:08:51,9780443061127,"Outline Of Fractures Including Joint Injuries, 11E",Medical,Paperback,,,,,1,,Rs 0.00,
3/4/2025 10:08:51,9788131247143,"Hall & Colman’s Diseases of the Ear, Nose and Throat(SAE) -1E",Medical,Paperback,"Rs 1,080.00",,,,1,,"Rs 1,080.00",
3/4/2025 10:08:51,9788131250006,"Short Cases in Clinical Medicine, 6e",Medical,Paperback,"Rs 2,448.00",,,,4,,"Rs 9,792.00",
3/4/2025 10:08:51,9789389859300,"Ian Donald’s Practical Obstetrics Problems, 8e",Medical,Paperback,"Rs 3,520.00","₹ 2,199.00",,,1,,"Rs 3,520.00",
3/4/2025 10:08:51,9789388958776,Long Cases in Clinical Medicine,Medical,Paperback,"Rs 2,800.00",,,,4,,"Rs 11,200.00",
3/4/2025 10:08:51,9788174732378,ICD 10 CLASSIFICATION OF MENTAL AND BEHAVIOURAL DISORDERS,Medical,Paperback,Rs 800.00,,,,4,,"Rs 3,200.00",
3/4/2025 10:08:51,9788174731555,The Icd-10 Classification Of Mental & Behavioural Disorders:Clinical Descriptions And Diagnostic Guidelines,Medical,Paperback,Rs 800.00,,,,5,,"Rs 4,000.00",
3/4/2025 10:08:51,9788180618635,Black's Medical Dictionary ,Medical,Paperback,Rs 880.00,,,,1,,Rs 880.00,
3/4/2025 10:08:51,9789385999710,Practical Manual in Clinical Medicine,Medical,Paperback,"Rs 2,392.00",,,,2,,"Rs 4,784.00",
3/4/2025 10:08:51,9789354669262,"Clinical Methods in Pediatrics, 6e",Medical,Paperback,"Rs 1,752.00",,,,1,,"Rs 1,752.00",
3/4/2025 10:08:51,9781684205042,GREENBERGS HANDBOOK OF NEUROSURGERY WITH ACCESS CODE 10e,Medical,Paperback,"Rs 18,880.00",,,,0,,Rs 0.00,
3/4/2025 10:08:51,9788197137709,"The Washington Manual of Medical Therapeutics, 2nd South Asian ed",Medical,Paperback,"Rs 2,800.00",,,,5,,"Rs 14,000.00",
3/4/2025 10:08:51,9789393553188,"Handbook of fractures, 1st South Asian ed",Medical,Paperback,"Rs 2,640.00","₹ 1,649.00",,,1,,"Rs 2,640.00",
3/4/2025 10:08:51,9780443068867,"URODYNAMICS MADE EASY, 3E",Medical,Paperback,"Rs 1,883.28",,£ 10.50,,1,,"Rs 1,883.28",
3/4/2025 10:08:51,9780702076282,"Neurological Examination Made Easy, International Edition, 6e",Medical,Paperback,"Rs 2,130.00",,,,2,,"Rs 4,260.00",
3/4/2025 10:08:51,9788181472359,Practicals & Viva in Surgery,Medical,Paperback,,,,,1,,Rs 0.00,
3/4/2025 10:08:51,9788131243022,"Duke's Anesthesia Secrets, 5e",Medical,Paperback,"Rs 1,240.00",,,,2,,"Rs 2,480.00",
3/4/2025 10:08:51,9788131247112,Neurology Secrets: First South Asia Edition,Medical,Paperback,"Rs 1,500.00",,,,1,,"Rs 1,500.00",
3/4/2025 10:08:51,9788131225424,Pathology Secrets 3e,Medical,Paperback,"Rs 1,520.00",,,,1,,"Rs 1,520.00",
3/4/2025 10:08:51,9788131247075,ENT Secrets First South Asia Edition,Medical,Paperback,"Rs 1,520.00",,,,1,,"Rs 1,520.00",
3/4/2025 10:08:51,9788131229910,"Merry'L Pocket Guide Radiography, 12e",Medical,Paperback,,,,,1,,Rs 0.00,
3/4/2025 10:08:51,9789389188257,MCQs in Endocrinology for DM Entrance Examination,Medical,Paperback,"Rs 1,840.00",,,,1,,"Rs 1,840.00",
3/4/2025 10:08:51,9788181472502,Infertility in Practice,Medical,Paperback,Rs 880.00,,,,1,,Rs 880.00,
3/4/2025 10:08:51,9788129105998,Pregnancy: What the Indian Woman Always Wanted to Know But Was Afraid to Ask,Medical,Paperback,Rs 632.00,₹ 395.00,,,1,,Rs 632.00,
3/4/2025 10:08:51,9788123909974,Radiographic Imaging 4E,Medical,Paperback,Rs 880.00,,,,1,,Rs 880.00,
3/4/2025 10:08:51,9788189960766,"The Trauma Manual, 3e",Medical,Paperback,Rs 950.00,,,,1,,Rs 950.00,
3/4/2025 10:08:51,9789354665691,BD Chaurasia’s Handbook of General Anatomy 7e,Medical,Paperback,Rs 720.00,,,,2,,"Rs 1,440.00",
3/4/2025 10:08:51,9788131223772,Cardiology Secrets 3e,Medical,Paperback,"Rs 1,280.00",,,,1,,"Rs 1,280.00",
3/4/2025 10:08:51,9788131234891,Critical Care Secrets 5e,Medical,Paperback,"Rs 1,440.00",,,,1,,"Rs 1,440.00",
3/4/2025 10:08:51,9788181479419,Allergy and Immunology Secrets 2e,Medical,Paperback,"Rs 1,280.00",,,,1,,"Rs 1,280.00",
3/4/2025 10:08:51,9788131242193,ORTHOPEDIC SECRET,Medical,Paperback,"Rs 1,440.00",,,,1,,"Rs 1,440.00",
3/4/2025 10:08:51,9788123908939,The Principles Of Exercise Therapy 4E,Medical,Paperback,Rs 630.00,,,,1,,Rs 630.00,
3/4/2025 10:08:51,9788131231173,MOSBY'S COMPREHENSIVE REVIEW OF NURSING FOR NCLEX-RNR EXAMINATION,Medical,Paperback,,,,,1,,Rs 0.00,
3/4/2025 10:08:51,9789393553362,"Bates’ Guide to Physical Examination and History Taking, 2nd South Asian ed",Medical,Paperback,"Rs 3,840.00","₹ 2,399.00",,,1,,"Rs 3,840.00",
3/4/2025 10:08:51,9789387162822,Bedside Clinics in Obstetrics 5e,Medical,Paperback,"Rs 2,640.00","₹ 1,650.00",,,6,,"Rs 15,840.00",
3/4/2025 10:08:51,9788131254110,"Howkins & Bourne Shaw's Textbook of Gynaecology, 17e",Medical,Paperback,"Rs 2,640.00","₹ 1,699.00",,,2,,"Rs 5,280.00",
3/4/2025 10:08:51,9788197099519,"Barash, Cullen and Stoelting's Clinical Anesthesia, (Vol 2 Set), 2nd South Asian ed",Medical,Hardcover,"Rs 16,800.00","₹ 10,499.00",,,1,,"Rs 16,800.00",
3/4/2025 10:08:51,9781444137620,ESSENTIAL SURGICAL PRACTICE 5E,Medical,Paperback,"Rs 9,800.00","₹ 6,055.50",,,1,,"Rs 9,800.00",
3/4/2025 10:08:51,9788131267677,"Stoelting's Anesthesia and Co-Existing Disease, 4th South Asia Edition",Medical,Paperback,"Rs 5,600.00","₹ 3,500.00",,,1,,"Rs 5,600.00",
3/4/2025 10:08:51,9780521135177,District Laboratory Practice In Tropical Countries2/e Part 1,Medical,Paperback,"Rs 1,600.00",,,,1,,"Rs 1,600.00",
3/4/2025 10:08:51,9780521135146,District Laboratory Practice in Tropical Countries: Part 2,Medical,Paperback,"Rs 1,600.00",,,,1,,"Rs 1,600.00",
3/4/2025 10:08:51,9788131263259,"Felson's Principles of Chest Roentgenology: A Programmed Text, 5e-South Asia Edition",Medical,Paperback,"Rs 2,096.00",,,,1,,"Rs 2,096.00",
3/4/2025 10:08:51,9780323847711,Macleod's Clinical Examination International Edition: 15e,Medical,Paperback,"Rs 3,600.00",,,,4,,"Rs 14,400.00",
3/4/2025 10:08:51,9789389587319,Case Discussion In Obstetrics & Gynecology,Medical,Paperback,"Rs 2,392.00","₹ 1,495.00",,,1,,"Rs 2,392.00",
3/4/2025 10:08:51,9780702081040,McRae’s Elective Orthopaedics 7E,Medical,Paperback,"Rs 3,672.00",,,,1,,"Rs 3,672.00",
3/4/2025 10:08:51,9789994614899,"Textbook of Medicine II Paediatrics: Pediatrics and Neonatology, Dermatology & Psychiatry",Medical,Paperback,Rs 600.00,,,,1,,Rs 600.00,
3/4/2025 10:08:51,9789354659522,"Clinical Orthopaedic Diagnosis, 5e",Medical,Paperback,"Rs 4,080.00",,,,3,,"Rs 12,240.00",
3/4/2025 10:08:51,9789351291305,"The ICU Book, 4e",Medical,Paperback,"Rs 8,565.00",,,,1,,"Rs 8,565.00",
3/4/2025 10:08:51,9788177586411,INTRODUCTION TO BIOINFORMATICS,Medical,Paperback,,,,,1,,Rs 0.00,
3/4/2025 10:08:51,9789332536678,"Biostatistical Analysis, 5e",Medical,Paperback,"Rs 1,486.00",,,,1,,"Rs 1,486.00",
3/4/2025 10:08:51,9780824793364,"Statistical Design and Analysis in Pharmaceutical Science: Validation, Process Controls, and Stability",Medical,Hardcover,"Rs 4,790.00",,,,1,,"Rs 4,790.00",
3/4/2025 10:08:51,9788131224014,"The Massachusetts Eye & Ear Infirmary Illustrated Manual of Ophthalmology, 3e",Medical,Paperback,"Rs 2,470.00",,,,1,,"Rs 2,470.00",
3/4/2025 10:08:51,9789393553461,"The Wills Eye Manual: Office and Emergency Room Diagnosis and Treatment of Eye Disease, 1st South Asian ed",Medical,Paperback,"Rs 3,512.00",,,,1,,"Rs 3,512.00",
3/4/2025 10:08:51,9788197055973,"Lippincott's Illustrated Reviews Biochemistry, 2e",Medical,Paperback,"Rs 2,880.00","₹ 1,799.00",,,0,,Rs 0.00,
3/4/2025 10:08:51,9788131262115,"Robbins and Cotran Pathologic Basis of Disease (Two Vol Set), 10e",Medical,Paperback,"Rs 5,880.00","₹ 3,540.00",,,0,,Rs 0.00,
3/4/2025 10:08:51,9789395736367,"Langman’s Medical Embryology, 2nd South Asian ed",Medical,Paperback,"Rs 2,320.00","₹ 1,449.00",,,0,,Rs 0.00,
3/4/2025 10:08:51,9789354659850,Surgery Essence,Medical,Paperback,"Rs 2,872.00","₹ 1,995.00",,,0,,Rs 0.00,
3/4/2025 10:08:51,9789394102545,Textbook of Gynecology,Medical,Hardcover,"Rs 4,400.00","₹ 2,750.00",,,1,,"Rs 4,400.00",
3/4/2025 10:08:51,9789390612864,"Te Linde’s Operative Gynecology, South Asian ed",Medical,Hardcover,"Rs 12,795.40","₹ 7,999.00","£ 12,798.40",,4,,"Rs 51,181.60",
3/4/2025 10:08:51,9789393553263,"Speroff ’s Clinical Gynecologic Endocrinology and Infertility, 1st South Asian ed",Medical,Hardcover,"Rs 14,398.00","₹ 8,999.00",,,3,,"Rs 43,194.00",
3/4/2025 10:08:51,9788131269374,"Arias’ Practical Guide to High-Risk Pregnancy, 6e",Medical,Paperback,"Rs 6,390.00","₹ 3,995.00",,,4,,"Rs 25,560.00",
3/4/2025 10:08:51,9789390612475,"Berek & Novak’s Gynecology, South Asian ed",Medical,Hardcover,"Rs 12,798.00","₹ 7,999.00",,,2,,"Rs 25,596.00",
3/4/2025 10:08:51,9788126521494,"Biostatistics: Basic Concepts and Methodology for the Health Sciences, 9e",Medical,Paperback,"Rs 1,760.00",,,,4,,"Rs 7,040.00",
3/4/2025 10:08:51,9781260468014,"Williams Gynecology, 4e",Medical,Hardcover,"Rs 19,400.00","₹ 12,000.00",,,1,,"Rs 19,400.00",
3/4/2025 10:08:51,9781264598434,"WILLIAMS OBSTETRICS, 26e",Medical,Hardcover,"Rs 19,250.00","₹ 11,000.00",,,1,,"Rs 19,250.00",
3/4/2025 10:08:51,9789351296072,"Nursing Research Generating and Assessing Evidence For Nursing Practice, 10e",Medical,Paperback,"Rs 2,800.00",₹ 699.00,,,1,,"Rs 2,800.00",
3/4/2025 10:08:51,9789354669262,"Clinical Methods in Pediatrics, 6e",Medical,Paperback,"Rs 1,752.00","₹ 1,095.00",,,1,,"Rs 1,752.00",
3/4/2025 10:08:51,9788131266069,"The Elements of Fracture Fixation, 5e",Medical,Paperback,"Rs 3,376.00","₹ 2,110.00",,,3,,"Rs 10,128.00",
3/4/2025 10:08:51,9789356961852,"SRB’s Manual of Surgery, 7e",Medical,Paperback,"Rs 2,960.00","₹ 1,850.00",,,1,,"Rs 2,960.00",
3/4/2025 10:08:51,9789354656422,Manual of Practical Medicine,Medical,Paperback,"Rs 2,640.00",,,,3,,"Rs 7,920.00",
3/4/2025 10:08:51,9781119241355,Smith's Textbook of Endourology: 2 Volume Set,Medical,Hardcover,"Rs 59,500.00",,,,1,,"Rs 59,500.00",
3/4/2025 10:08:51,9780323834612,"Ross and Wilson Anatomy and Physiology in Health and Illness, International Edition, 14e",Medical,Paperback,"Rs 2,760.00","₹ 1,795.00",,,1,,"Rs 2,760.00",
3/4/2025 10:08:51,9788131244180,Orban's Oral Histology and Embryology,Medical,Hardcover,,"₹ 1,995.00",,,1,,Rs 0.00,
3/4/2025 10:08:51,9788131244647,"Textbook of Clinical Neuroanatomy, 3e",Medical,Paperback,"Rs 1,000.00",,,,1,,"Rs 1,000.00",
3/4/2025 10:08:51,9781108474405,High Risk Pregnancy Management Options 5Ed 2 Vol Set,Medical,Hardcover,"Rs 14,392.00","₹ 7,995.00",,,2,,"Rs 28,784.00",
3/4/2025 10:08:51,9781498751773,"APLEY & SOLOMON'S SYSTEM OF ORTHOPAEDICS AND TRAUMA, 10e",Medical,Paperback,"Rs 7,192.00","₹ 4,495.00",,,3,,"Rs 21,576.00",
3/4/2025 10:08:51,9789389776980,"Medicine: MCQs for Medical Professionals, 5e",Medical,Paperback,"Rs 3,512.00","₹ 1,995.00",,,1,,"Rs 3,512.00",
3/4/2025 10:08:51,9788123918105,Parasitology Protozoology And Helminthology 13E,Medical,Paperback,,₹ 795.00,,,1,,Rs 0.00,
3/4/2025 10:08:51,9789388313278,"Feigenbaum’s Echocardiography, 8th South Asian ed",Medical,Hardcover,"Rs 14,400.00","₹ 8,999.00",,,1,,"Rs 14,400.00",
3/4/2025 10:08:51,9780323795166,Ophthalmology (IE) -6E ,Medical,Paperback,"Rs 23,920.00","₹ 14,950.00",,,1,,"Rs 23,920.00",
3/4/2025 10:08:51,9781260461350,"TINTINALLI'S EMERGENCY MEDICINE, 9e",Medical,Hardcover,"Rs 22,320.00","₹ 13,947.87",,,1,,"Rs 22,320.00",
3/4/2025 10:08:51,9781787791732,Recent Advances in Obstetrics and Gynaecology 28,Medical,Paperback,"Rs 2,800.00",,,,3,,"Rs 8,400.00",
3/4/2025 10:08:51,9789356968554,DC Dutta’s Textbook of Gynecology,Medical,Paperback,"Rs 2,072.00",,,,4,,"Rs 8,288.00",
3/4/2025 10:08:51,9788194080008,Bedside Clinics In medicine Part II 7e,Medical,Paperback,Rs 792.00,,,,4,,"Rs 3,168.00",
3/4/2025 10:08:51,9789380108445,Management and Leadership for Nurse Administrators 5e,Medical,Paperback,"Rs 1,112.00",₹ 695.00,,,1,,"Rs 1,112.00",
3/4/2025 10:08:51,9788184486100,Fundamentals of Nursing ,Medical,Paperback,"Rs 1,960.00",,,,1,,"Rs 1,960.00",
3/4/2025 10:08:51,9780803622197,Understanding Medical Surgical Nursing With CD ROM,Medical,Hardcover,,,,,1,,Rs 0.00,
3/4/2025 10:08:51,9788184733921,Martins Physical Pharmacy and Pharmaceutical Sciences,Medical,Paperback,"Rs 3,200.00",,,,1,,"Rs 3,200.00",
3/4/2025 10:08:51,9789351296065,"Grant’s Atlas of Anatomy, 14e",Medical,Paperback,"Rs 5,040.00",,,,1,,"Rs 5,040.00",
3/4/2025 10:08:51,9780702053634,"Rang & Dale's Pharmacology, International Edition",Medical,Paperback,"Rs 3,740.00",,,,1,,"Rs 3,740.00",
3/4/2025 10:08:51,9780443075674,Lee / Braunwauld Atlas of Cardiac Imaging,Medical,Hardcover,,,,,1,,Rs 0.00,
3/4/2025 10:08:51,9789352705474,Textbook of Pathology with Pathology Quick Review,Medical,Hardcover,"Rs 3,510.00",,,,1,,"Rs 3,510.00",
3/4/2025 10:08:51,9789354664731,BD CHAURASIAS HUMAN ANATOMY 9ED VOL -1 REGIONAL AND APPLIED DISSECTION & CLINICAL,Medical,Paperback,"Rs 1,272.00",,,,2,,"Rs 2,544.00",
3/4/2025 10:08:51,9789354664762,BD CHAURASIAS HUMAN ANATOMY 9ED VOL2 REGIONAL AND APPLIED DISSECTION & CLINICAL,Medical,Paperback,"Rs 1,480.00",,,,2,,"Rs 2,960.00",
3/4/2025 10:08:51,9789354664779,BD CHAURASIAS HUMAN ANATOMY 9ED VOL 3 AND 4 REGIONAL AND APPLIED DISSECTION AND CLINICAL,Medical,Paperback,"Rs 1,840.00",,,,2,,"Rs 3,680.00",
3/4/2025 10:08:51,9788190401142,Bullets in pathology,Medical,Paperback,Rs 184.00,₹ 115.00,,,2,,Rs 368.00,
3/4/2025 10:08:51,9788131217672,Sailing Smoothly Through Pregnancy ,Medical,Paperback,Rs 470.00,,,,1,,Rs 470.00,
3/4/2025 10:08:51,9788170264941,Operative Cranio-Cerebral Topography for Neurosurgeons Paperback,Medical,Paperback,"Rs 1,752.00","₹ 1,095.00",,,1,,"Rs 1,752.00",
3/4/2025 10:08:51,9780702025785,Pass the MRCS: All the Techniques You Need (MRCS,Medical,Paperback,,,,,1,,Rs 0.00,
3/4/2025 10:08:51,9788123924649,TEXTBOOK OF HISTOLOGY COLOUR ATLAS,Medical,Paperback,,,,,1,,Rs 0.00,
3/4/2025 10:08:51,9999999999999,Principles of surgery,Medical,Paperback,Rs 300.00,,,,2,,Rs 600.00,
3/4/2025 10:08:51,9789353436520,Nursing Theories: The Base for Professional Nursing,Medical,Paperback,"Rs 1,358.00",₹ 849.00,,,1,,"Rs 1,358.00",
3/4/2025 10:08:51,9789386478399,Textbook Of Pathology 2 Vol Set (Pb 2017): Two-Vol Set: Two-Volume Set ,Medical,Hardcover,"Rs 2,800.00",,,,2,,"Rs 5,600.00",
3/4/2025 10:08:51,9789353060466,Fundamentals of Nursing ,Medical,Hardcover,"Rs 3,040.00",,,,2,,"Rs 6,080.00",
3/4/2025 10:08:51,9789351296058,"Fundamentals of Nursing,",Medical,Hardcover,"Rs 3,120.00",,,,1,,"Rs 3,120.00",
3/4/2025 10:08:51,9780443073274,"Basic Medical Sciences for MRCP Part 1, ",Medical,Paperback,"Rs 2,511.04",,£ 14.00,,1,,"Rs 2,511.04",
3/4/2025 10:08:51,9788123919522,Surface And Radiological Anatomy 3Ed (Pb 2020),Medical,Paperback,Rs 630.00,,,,1,,Rs 630.00,
3/4/2025 10:08:51,9789385915598,PRACTICAL PHYSIOLOGY FOR MBBS STUDENTS (PB,Medical,Paperback,,,,,1,,Rs 0.00,
3/4/2025 10:08:51,9780723438724,Iiiustated textbook of paidiatrics,Medical,Paperback,"Rs 3,680.00",,,,1,,"Rs 3,680.00",
3/4/2025 10:08:51,9781921569609,Disease free,Medical,Hardcover,,,,,1,,Rs 0.00,
3/4/2025 10:08:51,9781138031647,"Bailey & Love's Short Practice Of Surgery, 27Th Edition: International Student's Edition (Set Volume 1 & 2)",Medical,Paperback,"Rs 89,600.00",,,,1,,"Rs 89,600.00",
3/4/2025 10:08:51,9780323355179,Miller's Review of Orthopaedics,Medical,Paperback,"Rs 12,500.00",,,,1,,"Rs 12,500.00",
3/4/2025 10:08:51,9789352701865,Paniker’s Textbook of Medical Parasitology (Step by Step),Medical,Paperback,"Rs 1,080.00",,,,1,,"Rs 1,080.00",
3/4/2025 10:08:51,9780729541985,Clinical Examination (Without Student Consult),Medical,Paperback,"Rs 2,632.00",,,,1,,"Rs 2,632.00",
3/4/2025 10:08:51,9789386217554,TEXTBOOK OF COMMUNITY MEDICINE PREVENTIVE AND SOCIAL MEDICINE 5E,Medical,Paperback,,,,,1,,Rs 0.00,
3/4/2025 10:08:51,9788123928029,Textbook Of Radiology For Residents And Technicians 5E,Medical,Paperback,"Rs 1,680.00",,,,1,,"Rs 1,680.00",
3/4/2025 10:08:51,9780702029349,"Trease and Evans Pharmacognosy, International Edition",Medical,Paperback,"Rs 3,944.13",,£ 21.99,,1,,"Rs 3,944.13",
3/4/2025 10:08:51,9788184487060,Textbook of Forensic Medicine and Toxicology,Medical,Paperback,"Rs 1,430.00",,,,1,,"Rs 1,430.00",
3/4/2025 10:08:51,9788131235058,The Developing Human: Clinically Oriented Embryology,Medical,Paperback,"Rs 3,440.00",,,,1,,"Rs 3,440.00",
3/4/2025 10:08:51,9789385915970,Community Medicine Practical Guide 2Ed,Medical,,,₹ 550.00,,,1,,Rs 0.00,
3/4/2025 10:08:51,9789385915567,"Medical Pharmacology, 5e",Medical,Paperback,"Rs 7,110.00",,,,2,,"Rs 14,220.00",
3/4/2025 10:08:51,9789385915796,TEXTBOOK OF BIOCHEMISTRY 3ED (PB 2017),Medical,Paperback,"Rs 1,160.00",,,,1,,"Rs 1,160.00",
3/4/2025 10:08:51,9788131255018,"Medicine: Prep Manual For Undergraduates, 6/e",Medical,Paperback,"Rs 1,770.00",,,,1,,"Rs 1,770.00",
3/4/2025 10:08:51,9789352702381,Manual of Practical Medicine ,Medical,Paperback,"Rs 2,392.00",,,,1,,"Rs 2,392.00",
3/4/2025 10:08:51,9789352706853,Essential Orthopaedics (Including Clinical Methods),Medical,Paperback,"Rs 1,520.00",,,,1,,"Rs 1,520.00",
3/4/2025 10:08:51,9789350258675,Joint Structure And Function: A Comprehensive Analysis,Medical,Paperback,"Rs 1,430.00",,,,1,,"Rs 1,430.00",
3/4/2025 10:08:51,9788170264583,Management of Common Neurological & Neurosurgical Diseases,Medical,Paperback,Rs 792.00,₹ 495.00,,,1,,Rs 792.00,
3/4/2025 10:08:51,9788123922959,"Exam-Oriented Review in Physiology Chandrasekar, M.",Medical,Paperback,Rs 630.00,,,,1,,Rs 630.00,
3/4/2025 10:08:51,9788123922829,SYNOPSIS OF OTORHINOLARYNGOLOGY: INCLUDING INSTRUMENTS AND X-RAYS (PB 2013),Medical,Paperback,Rs 720.00,,,,1,,Rs 720.00,
3/4/2025 10:08:51,9788123911212,Exam Oriented Anatomy Below Diaphragm Questions And Answers,Medical,Paperback,"Rs 1,115.00",₹ 695.00,,,1,,"Rs 1,115.00",
3/4/2025 10:08:51,9788123912110,Exam Oriented Anatomy Below Diaphragm Questions And Answers,Medical,Paperback,"Rs 1,115.00",₹ 695.00,,,1,,"Rs 1,115.00",
3/4/2025 10:08:51,9788123919867,PRINCIPLES OF MEDICINAL CHEMISTRY INCLUDING PROTEOMICS: A COLLECTION OF THEORIES OF THEORIES AND LECTURE NOTES FOR THE STUDENTS,Medical,Paperback,Rs 480.00,₹ 300.00,,,1,,Rs 480.00,
3/4/2025 10:08:51,9788123928739,"Human Physiology Chatterjee, C.C. , Vol 2",Medical,Paperback,Rs 720.00,,,,1,,Rs 720.00,
3/4/2025 10:08:51,9788123928722,"Human Physiology Chatterjee, C.C. , Vol 1",Medical,Paperback,Rs 720.00,,,,1,,Rs 720.00,
3/4/2025 10:08:51,9780789471512,Complete Baby & Child Care ,Medical,Paperback,"Rs 2,121.00",,,$ 15.00,1,,"Rs 2,121.00",
3/4/2025 10:08:51,9789385915598,PRACTICAL PHYSIOLOGY FOR MBBS STUDENTS (PB 2016),Medical,Paperback,Rs 536.00,₹ 335.00,,,1,,Rs 536.00,
3/4/2025 10:08:51,9788184735086,Histology: Text & Atlas with Thepoint Access Scratch Code,Medical,Paperback,"Rs 1,080.00",,,,1,,"Rs 1,080.00",
3/4/2025 10:08:51,9781405170390,"Diagnostic Imaging, 6/E ",Medical,Paperback,"Rs 3,190.00",,,,1,,"Rs 3,190.00",
3/4/2025 10:08:51,9788123930282,"Medical Dictionary (English To Hindi), 3E",Medical,Paperback,Rs 352.00,₹ 220.00,,,1,,Rs 352.00,
3/4/2025 10:08:51,9788123927084,Preventive and Social Medicine,Medical,Paperback,Rs 720.00,,,,1,,Rs 720.00,
3/4/2025 10:08:51,9788131525173,PHARMACEUTICAL CALCULATIONS FOR PHARMACY TECHNICIANS: A WORKTEXT ,Medical,Paperback,"Rs 1,270.00",₹ 795.00,,,1,,"Rs 1,270.00",
3/4/2025 10:08:51,9788131257555,"Practical Fracture Treatment, International Edition, 5e",Medical,Paperback,"Rs 2,072.00",,,,1,,"Rs 2,072.00",
3/4/2025 10:08:51,9781260458824,Adams and Victor's Principles of Neurology 11th Edition,Medical,Hardcover,"Rs 15,200.00",,,,1,,"Rs 15,200.00",
3/4/2025 10:08:51,9789388313209,"Lippincott® Illustrated Reviews: Pharmacology, South Asian ed",Medical,Paperback,"Rs 3,400.00",,,,1,,"Rs 3,400.00",
3/4/2025 10:08:51,9788180612275,"Interlocking Nailing, 2e",Medical,Hardcover,"Rs 2,392.00","₹ 1,495.00",,,1,,"Rs 2,392.00",
3/4/2025 10:08:51,9789352700561,Practical ENT 3rd Edition,Medical,Paperback,Rs 520.00,,,,1,,Rs 520.00,
3/4/2025 10:08:51,9788131775707,NURSING RESEARCH AND STATISTICS ,Medical,Paperback,Rs 985.00,₹ 615.00,,,1,,Rs 985.00,
3/4/2025 10:08:51,9789380853901,Introduction To Nursing Research,Medical,Paperback,"Rs 1,592.00",₹ 995.00,,,1,,"Rs 1,592.00",
3/4/2025 10:08:51,9789384007164,Sociology for Nurses,Medical,Paperback,Rs 472.00,₹ 295.00,,,1,,Rs 472.00,
3/4/2025 10:08:51,9788190704625,Practical Medicine 21Ed (Pb 2018),Medical,Paperback,"Rs 1,480.00",₹ 925.00,,,2,,"Rs 2,960.00",
3/4/2025 10:08:51,9789352704491,Review of Radiology (PGMEE),Medical,Paperback,"Rs 1,280.00",Rs 984.00,,,1,,"Rs 1,280.00",
3/4/2025 10:08:51,9788174732811,"New Illustrated Medical Dictonary, Bansal",Medical,Paperback,Rs 888.00,₹ 555.00,,,1,,Rs 888.00,
3/4/2025 10:08:51,9780702026829,"Bailliere's Midwives' Dictionary, 10e",Medical,Paperback,Rs 538.08,,,,3,,"Rs 1,614.24",
3/4/2025 10:08:51,9780702022814,"Bailliere's Midwives' Dictionary, 9e",Medical,Paperback,Rs 538.08,,,,1,,Rs 538.08,
3/4/2025 10:08:51,9789388527729,AN ATLAS AND TEXT OF DERMATOLOGY FOR PRACTITIONERS 2ED,Medical,Paperback,,,,,1,,Rs 0.00,
3/4/2025 10:08:51,9788123923864,Single Best Response Multiple Choice Questions in Anatomy (PB 2017),Medical,Paperback,Rs 280.00,,,,1,,Rs 280.00,
3/4/2025 10:08:51,9788123902739,Introduction To Pharmaceutics I 3Ed (Pb 2018),Medical,Paperback,Rs 248.00,₹ 155.00,,,1,,Rs 248.00,
3/4/2025 10:08:51,9780443061967,Short Essay Questions for MRCOG Part 2 (MRCOG Study Guides),Medical,Paperback,,,,,1,,Rs 0.00,
3/4/2025 10:08:51,9788123924236,Dm Gastroenterology And Mch Gastrosurgery Entrance Examination 3Ed (Pb 2017) ,Medical,Paperback,Rs 470.00,,,,1,,Rs 470.00,
3/4/2025 10:08:51,9788189960797,"The Washington Manual Of Oncology, 2e",Medical,Paperback,"Rs 1,920.00",,,,1,,"Rs 1,920.00",
3/4/2025 10:08:51,9789351296706,"The Washington Manual of Surgery, 7ed ",Medical,Paperback,"Rs 2,392.00",,,,1,,"Rs 2,392.00",
3/4/2025 10:08:51,9789351296737,"The Washington Manual of Pediatrics, 2ed",Medical,Paperback,"Rs 2,255.00",,,,1,,"Rs 2,255.00",
3/4/2025 10:08:51,9788184736601,"Handbook of Neuroanesthesia, 5th South Asian ed",Medical,Paperback,"Rs 2,080.00",,,,1,,"Rs 2,080.00",
3/4/2025 10:08:51,9788184733938,Handbook For Principles And Practice Of Gynecologic Oncology ,Medical,Paperback,,,,,1,,Rs 0.00,
3/4/2025 10:08:51,9788184737141,Washington Manual Of Hematology And Oncology Subspecialty Consult,Medical,Paperback,"Rs 1,760.00",,,,1,,"Rs 1,760.00",
3/4/2025 10:08:51,9788184734416,"Handbook of Interventional Radiologic Procedures, 4e",Medical,Paperback,"Rs 1,720.00",,,,1,,"Rs 1,720.00",
3/4/2025 10:08:51,9788184735420,"Manual of Emergency Medicine, 6th South Asian ed",Medical,Paperback,"Rs 1,600.00",,,,1,,"Rs 1,600.00",
3/4/2025 10:08:51,9788194864554,Cloherty and Stark’s Manual of Neonatal Care South Asian Edition ,Medical,Paperback,"Rs 2,660.00",,,,3,,"Rs 7,980.00",
3/4/2025 10:08:51,9788125918769,"Manual of Nursing Arts and Procedures, 4e",Medical,Paperback,Rs 368.00,₹ 230.00,,,3,,"Rs 1,104.00",
3/4/2025 10:08:51,9798188039356,Clinical Methods in Dermatology and Venerelogy 5e,Medical,Paperback,Rs 288.00,₹ 180.00,,,3,,Rs 864.00,
3/4/2025 10:08:51,9798181474338,Handbook of pain management,Medical,Paperback,Rs 630.00,,,,1,,Rs 630.00,
3/4/2025 10:08:51,9781259009396,"PEDIATRICS PRETEST SELF-ASSESSMENT AND REVIEW (IE), 13e",Medical,Paperback,Rs 983.80,,,$ 6.95,1,,Rs 983.80,
3/4/2025 10:08:51,9789386479440,Davidson's Dictionary For Nurses,Medical,Paperback,Rs 472.00,₹ 295.00,,,1,,Rs 472.00,
3/4/2025 10:08:51,9788123903651,Textbook Of Pharmaceutical Organic Chemistry (Pb 2020),Medical,Paperback,Rs 288.00,₹ 180.00,,,1,,Rs 288.00,
3/4/2025 10:08:51,9788123918037,Manipal Manual Of Instruments (Pb 2019),Medical,Paperback,Rs 440.00,₹ 275.00,,,1,,Rs 440.00,
3/4/2025 10:08:51,9788123922300,Practical Biochemistry 5Ed (PB 2018) ,Medical,Paperback,Rs 496.00,₹ 310.00,,,1,,Rs 496.00,
3/4/2025 10:08:51,9789356963313,"DC Dutta’s Textbook of Obstetrics Including Perinatology & Contraception, 10E",Medical,Paperback,"Rs 2,392.00","₹ 1,495.00",,,6,,"Rs 14,352.00",
3/4/2025 10:08:51,9789366167497,Sakshi Arora's Self Assessment & Review Obstetrics,Medical,Paperback,"Rs 2,392.00","₹ 1,495.00",,,6,,"Rs 14,352.00",
3/4/2025 10:08:51,9789366162683,SAKSHI ARORA'S Self Assessment & Review Gynecology,Medical,Paperback,"Rs 2,392.00","₹ 1,495.00",,,6,,"Rs 14,352.00",
3/4/2025 10:08:51,9789356962026,"Essentials of Medical Pharmacology, 9e",Medical,Hardcover,"Rs 2,960.00","₹ 1,850.00",,,5,,"Rs 14,800.00",
3/4/2025 10:08:51,9789364445559,First Aid for the USMLE Step 1 2025,Medical,Paperback,"Rs 4,400.00","₹ 2,750.00",,,32,,"Rs 140,800.00",
3/4/2025 10:08:51,9789356963351,Aravind FAQs in Ophthalmology,Medical,Paperback,"Rs 2,712.00","₹ 1,695.00",,,0,,Rs 0.00,
3/4/2025 10:08:51,9788131270837,Pilbeam's Mechanical Ven 8th E/d 2024,Medical,Paperback,"Rs 4,792.00","₹ 2,995.00",,,0,,Rs 0.00,
3/4/2025 10:08:51,9789354666322,Kundu’s Practical Medicine An overview of physical examination 2/e,Medical,Paperback,Rs 792.00,₹ 495.00,,,2,,"Rs 1,584.00",
3/4/2025 10:08:51,9789354668746,"BD Chaurasia’s Human Anatomy, 10/e , Volumes 1– 4",Medical,Paperback,"Rs 5,904.00",,,,0,,Rs 0.00,
3/4/2025 10:08:51,9780443111099,"Kanski's Clinical Ophthalmology International Edition, 10e",Medical,Paperback,"Rs 11,832.00","₹ 7,395.00",,,1,,"Rs 11,832.00",
3/4/2025 10:08:51,9789390612345,"Manual of Cardiovascular Medicine, 1st South Asian ed",Medical,Paperback,"Rs 4,000.00","₹ 2,499.00",,,0,,Rs 0.00,
3/4/2025 10:08:51,9781260570090,SCHWARTZ'S PRINCIPLES OF SURGERY 2-volume set 11th edition,Medical,Paperback,"Rs 18,960.00","₹ 11,668.00",,,1,,"Rs 18,960.00",
3/4/2025 10:08:51,9780323883085,"Nelson Textbook of Pediatrics, 2-Volume Set International Edition: 22ed",Medical,Hardcover,"Rs 10,912.00","₹ 6,525.00",,,1,,"Rs 10,912.00",
3/4/2025 10:08:51,9789382951711,You Can Win Shiv Khera,"Self-Help, Non-Fiction",Paperback,Rs 720.00,₹ 450.00,,,4,,"Rs 2,880.00",
3/4/2025 10:08:51,9781804090947,"SAME AS EVER: Timeless Lessons on Risk, Opportunity and Living a Good Life","Self-Help, Non-Fiction",Paperback,Rs 720.00,₹ 450.00,,,3,,"Rs 2,160.00",
3/4/2025 10:08:51,9780091816971,Who Moved My Cheese,"Self-Help, Non-Fiction",Paperback,Rs 360.00,,,,3,,"Rs 1,080.00",
3/4/2025 10:08:51,9781847923677,When Breath Becomes Air,"Self-Help, Non-Fiction",Hardcover,Rs 960.00,₹ 599.00,,,1,,Rs 960.00,
3/4/2025 10:08:51,9781529920062,Determined: The Science of Life Without Free Will,"Self-Help, Non-Fiction",Paperback,"Rs 1,120.00",₹ 699.00,,,1,,"Rs 1,120.00",
3/4/2025 10:08:51,9781847941831,Atomic Habits,"Self-Help, Non-Fiction",Paperback,"Rs 1,440.00",₹ 899.00,,,6,,"Rs 8,640.00",
3/4/2025 10:08:51,9789390166268,The Psychology of Money,"Self-Help, Non-Fiction",Paperback,Rs 640.00,₹ 399.00,,,4,,"Rs 2,560.00",
3/4/2025 10:08:51,9789353047207,Train Your Brain: Ultimate Memory Hacks,"Self-Help, Non-Fiction",Paperback,Rs 475.00,₹ 295.00,,,1,,Rs 475.00,
3/4/2025 10:08:51,9781911717096,Nexus,"Self-Help, Non-Fiction",Paperback,"Rs 1,760.00","₹ 1,099.00",,,1,,"Rs 1,760.00",
3/4/2025 10:08:51,9789389000221,The Song of Achilles,"Self-Help, Non-Fiction",Paperback,Rs 960.00,₹ 599.00,,,1,,Rs 960.00,
3/4/2025 10:08:51,9780007555932,How to Take Charge of Your Life: The User’s Guide to NLP,"Self-Help, Non-Fiction",Paperback,Rs 960.00,₹ 599.00,,,1,,Rs 960.00,
3/4/2025 10:08:51,9780553175219,A Brief History Of Time,"Self-Help, Non-Fiction",Paperback,Rs 800.00,₹ 499.00,,,1,,Rs 800.00,
3/4/2025 10:08:51,9780099590088,Sapiens: A Brief History of Humankind,"Self-Help, Non-Fiction",Paperback,"Rs 1,120.00",₹ 699.00,,,1,,"Rs 1,120.00",
3/4/2025 10:08:51,9781784703936,Homo Deus: A Brief History of Tomorrow,"Self-Help, Non-Fiction",Paperback,"Rs 1,120.00",₹ 699.00,,,3,,"Rs 3,360.00",
3/4/2025 10:08:51,9781784708283,21 Lessons for the 21st Century,"Self-Help, Non-Fiction",Paperback,"Rs 1,120.00",₹ 699.00,,,3,,"Rs 3,360.00",
3/4/2025 10:08:51,9780141033570,Thinking Fast and Slow,"Self-Help, Non-Fiction",Paperback,"Rs 1,120.00",₹ 699.00,,,1,,"Rs 1,120.00",
3/4/2025 10:08:51,9780099575061,Behave: Robert Sapolsky,"Self-Help, Non-Fiction",Paperback,"Rs 1,120.00",₹ 699.00,,,1,,"Rs 1,120.00",
3/4/2025 10:08:51,9781471195709,7 Habits of Highly Effective People ,"Self-Help, Non-Fiction",Paperback,Rs 960.00,₹ 599.00,,,1,,Rs 960.00,
3/4/2025 10:08:51,9780857205155,The 3rd Alternative R. Stephen Covey,"Self-Help, Non-Fiction",Paperback,Rs 960.00,₹ 599.00,,,1,,Rs 960.00,
3/4/2025 10:08:51,9780571268832,My Name Is Red,"Self-Help, Non-Fiction",Paperback,Rs 960.00,₹ 599.00,,,1,,Rs 960.00,
3/4/2025 10:08:51,9781473668942,The Miracle Morning,"Self-Help, Non-Fiction",Paperback,Rs 640.00,₹ 399.00,,,2,,"Rs 1,280.00",
3/4/2025 10:08:51,9788184957297,Power Thinking,"Self-Help, Non-Fiction",Paperback,Rs 480.00,₹ 299.00,,,1,,Rs 480.00,
3/4/2025 10:08:51,9789386702319,There's a Carnival Today,"Self-Help, Non-Fiction",Paperback,Rs 560.00,₹ 350.00,,,4,,"Rs 2,240.00",
3/4/2025 10:08:51,9781861972781,"THE 48 LAWS OF POWER, Robert Greene","Self-Help, Non-Fiction",Paperback,"Rs 1,600.00",₹ 999.00,,,1,,"Rs 1,600.00",
3/4/2025 10:08:51,9781861974044,"THE CONCISE 48 LAWS OF POWER, Robert Greene","Self-Help, Non-Fiction",Paperback,Rs 960.00,₹ 599.00,,,2,,"Rs 1,920.00",
3/4/2025 10:08:51,9781781259191,"The Laws of Human Nature, Robert Greene","Self-Help, Non-Fiction",Paperback,"Rs 1,600.00",₹ 999.00,,,1,,"Rs 1,600.00",
3/4/2025 10:08:51,9781788161565,"THE CONCISE LAWS OF HUMAN NATURE, Robert Greene","Self-Help, Non-Fiction",Paperback,Rs 960.00,₹ 599.00,,,2,,"Rs 1,920.00",
3/4/2025 10:08:51,9781781250914,MASTERY,"Self-Help, Non-Fiction",Paperback,"Rs 1,600.00",₹ 999.00,,,1,,"Rs 1,600.00",
3/4/2025 10:08:51,9781861977694,The Art Of Seduction,"Self-Help, Non-Fiction",Paperback,"Rs 1,600.00",₹ 999.00,,,1,,"Rs 1,600.00",
3/4/2025 10:08:51,9781861976413,The Concise Art of Seduction,"Self-Help, Non-Fiction",Paperback,Rs 960.00,₹ 599.00,,,2,,"Rs 1,920.00",
3/4/2025 10:08:51,9781861979780,THE 33 STRATEGIES OF WAR,"Self-Help, Non-Fiction",Paperback,"Rs 1,440.00",₹ 899.00,,,1,,"Rs 1,440.00",
3/4/2025 10:08:51,9788183631341,Think & Grow Rich,"Self-Help, Non-Fiction",Paperback,Rs 315.00,₹ 195.00,,,7,,"Rs 2,205.00",
3/4/2025 10:08:51,9780140124996,How To Solve It,"Self-Help, Non-Fiction",Paperback,Rs 960.00,₹ 599.00,,,1,,Rs 960.00,
3/4/2025 10:08:51,9781847943705,High Performance,"Self-Help, Non-Fiction",Paperback,Rs 960.00,₹ 599.00,,,1,,Rs 960.00,
3/4/2025 10:08:51,9781786330895,Ikigai: Japanese secret to long and happy life,"Self-Help, Non-Fiction",Hardcover,Rs 880.00,₹ 550.00,,,1,,Rs 880.00,
3/4/2025 10:08:51,9780241373828,Oneness With All Life,"Self-Help, Non-Fiction",Hardcover,Rs 880.00,₹ 550.00,,,1,,Rs 880.00,
3/4/2025 10:08:51,9789354893896,The Almanack Of Naval Ravikant: A Guide to Wealth and Happiness,"Self-Help, Non-Fiction",Paperback,Rs 640.00,₹ 399.00,,,1,,Rs 640.00,
3/4/2025 10:08:51,9780671212094,How To Read A Book,"Self-Help, Non-Fiction",Paperback,Rs 960.00,,,,1,,Rs 960.00,
3/4/2025 10:08:51,9788172234997,The One Minute Manager,"Self-Help, Non-Fiction",Paperback,Rs 320.00,₹ 199.00,,,1,,Rs 320.00,
3/4/2025 10:08:51,9780553817959,The Present,"Self-Help, Non-Fiction",Paperback,Rs 320.00,₹ 199.00,,,1,,Rs 320.00,
3/4/2025 10:08:51,9789355431356,Don't Believe Everything You Think,"Self-Help, Non-Fiction",Paperback,Rs 480.00,₹ 299.00,,,1,,Rs 480.00,
3/4/2025 10:08:51,9780753552896,The Making of a Manager,"Self-Help, Non-Fiction",Paperback,"Rs 1,120.00",₹ 699.00,,,1,,"Rs 1,120.00",
3/4/2025 10:08:51,9780141988511,12 Rules for Life,"Self-Help, Non-Fiction",Paperback,Rs 960.00,₹ 599.00,,,1,,Rs 960.00,
3/4/2025 10:08:51,9789353338459,The Power of Your Subconscious Mind,"Self-Help, Non-Fiction",Paperback,Rs 315.00,₹ 195.00,,,1,,Rs 315.00,
3/4/2025 10:08:51,9780007272617,How to Talk to Anyone: 92 Little Tricks for Big Success in Relationships,"Self-Help, Non-Fiction",Paperback,Rs 640.00,₹ 399.00,,,1,,Rs 640.00,
3/4/2025 10:08:51,9789393559975,Supermindful: 52 Ways to Connect with Your Genius,"Self-Help, Non-Fiction",Paperback,Rs 560.00,₹ 350.00,,,1,,Rs 560.00,
3/4/2025 10:08:51,9788179925911,The Theory Of Everything,"Self-Help, Non-Fiction",Paperback,Rs 360.00,₹ 225.00,,,1,,Rs 360.00,
3/4/2025 10:08:51,9780712657594,"Flow, The classic work on how to achieve happiness","Self-Help, Non-Fiction",Paperback,"Rs 1,120.00",₹ 699.00,,,1,,"Rs 1,120.00",
3/4/2025 10:08:51,9780091929114,The 4-Hour Work Week,"Self-Help, Non-Fiction",Paperback,"Rs 1,280.00",₹ 799.00,,,1,,"Rs 1,280.00",
3/4/2025 10:08:51,9789351772071,Attitude is Everything change your attitude change your life!,"Self-Help, Non-Fiction",Paperback,Rs 360.00,₹ 225.00,,,2,,Rs 720.00,
3/4/2025 10:08:51,9781781251560,What Got You Here Wont Get You There,"Self-Help, Non-Fiction",Paperback,Rs 480.00,₹ 299.00,,,1,,Rs 480.00,
3/4/2025 10:08:51,9789937711708,Napoleon Hill's Success Principles,"Self-Help, Non-Fiction",Paperback,Rs 320.00,,,,3,,Rs 960.00,
3/4/2025 10:08:51,9781473667525,THE ART OF THE GOOD LIFE,"Self-Help, Non-Fiction",Paperback,Rs 800.00,,£ 9.99,,1,,Rs 800.00,
3/4/2025 10:08:51,9780749927899,SECRETS OF THE MILLIONAIRE MIND: THINK RICH TO GET RICH!,"Self-Help, Non-Fiction",Paperback,Rs 800.00,₹ 499.00,,,2,,"Rs 1,600.00",
3/4/2025 10:08:51,9780143066507,The Circle Of Reason,"Self-Help, Non-Fiction",Paperback,Rs 800.00,₹ 499.00,,,1,,Rs 800.00,
3/4/2025 10:08:51,9780198739838,"SUPERINTELLIGENCE: Paths, Dangers, Strategies","Self-Help, Non-Fiction",Paperback,Rs 880.00,,£ 9.99,,1,,Rs 880.00,
3/4/2025 10:08:51,9781847940933,Getting to Yes,"Self-Help, Non-Fiction",Paperback,Rs 960.00,₹ 599.00,,,1,,Rs 960.00,
3/4/2025 10:08:51,9781847942944,The Confident Mind,"Self-Help, Non-Fiction",Paperback,Rs 960.00,₹ 599.00,,,1,,Rs 960.00,
3/4/2025 10:08:51,9781911709350,The Art of Clear Thinking: A Fighter Pilot’s Guide to Making Tough Decisions,"Self-Help, Non-Fiction",Paperback,"Rs 1,280.00",₹ 799.00,,,2,,"Rs 2,560.00",
3/4/2025 10:08:51,9788172235390,"The Pilgrimage, Paulo Coelho","Fiction & Literature, Fiction",Paperback,Rs 640.00,₹ 399.00,,,1,,Rs 640.00,
3/4/2025 10:08:51,9788172235635,"Eleven Minutes, Paulo Coelho","Fiction & Literature, Fiction",Paperback,Rs 640.00,₹ 399.00,,,1,,Rs 640.00,
3/4/2025 10:08:51,9780007318681,"The Winner Stands Alone, Paulo Coelho","Fiction & Literature, Fiction",Paperback,Rs 640.00,₹ 399.00,,,1,,Rs 640.00,
3/4/2025 10:08:51,9788172236298,"The Zahir: A Novel of Obsession, Paulo Coelho","Fiction & Literature, Fiction",Paperback,Rs 640.00,₹ 399.00,,,1,,Rs 640.00,
3/4/2025 10:08:51,9788184006094,"Adultery, Paulo Coelho","Fiction & Literature, Fiction",Paperback,Rs 480.00,₹ 299.00,,,1,,Rs 480.00,
3/4/2025 10:08:51,9780007520503,"MANUSCRIPT FOUND IN ACCRA, Paulo Coelho","Fiction & Literature, Fiction",Paperback,Rs 640.00,₹ 399.00,,,2,,"Rs 1,280.00",
3/4/2025 10:08:51,9788172235437,"Veronika Decides to Die, Paulo Coelho","Fiction & Literature, Fiction",Paperback,Rs 640.00,₹ 399.00,,,1,,Rs 640.00,
3/4/2025 10:08:51,9780007103461,"Veronika Decides to Die, Paulo Coelho","Fiction & Literature, Fiction",Paperback,Rs 640.00,₹ 399.00,,,4,,"Rs 2,560.00",
3/4/2025 10:08:51,9780722537510,"The Fifth Mountain, Paulo Coelho","Fiction & Literature, Fiction",Paperback,Rs 640.00,₹ 399.00,,,3,,"Rs 1,920.00",
3/4/2025 10:08:51,9780143429166,"The Spy, Paulo Coelho","Fiction & Literature, Fiction",Paperback,Rs 640.00,₹ 399.00,,,1,,Rs 640.00,
3/4/2025 10:08:51,9789356999978,"11 Rules For Life: Secrets to Level Up, Chetan Bhagat","Fiction & Literature, Fiction",Paperback,Rs 400.00,₹ 250.00,,,1,,Rs 400.00,
3/4/2025 10:08:51,9781542094085,"400 Days, Chetan Bhagat","Fiction & Literature, Fiction",Paperback,Rs 400.00,₹ 250.00,,,1,,Rs 400.00,
3/4/2025 10:08:51,9788129135520,"2 STATES THE STORY OF MY MARRIAGE, Chetan Bhagat","Fiction & Literature, Fiction",Paperback,Rs 475.00,₹ 295.00,,,3,,"Rs 1,425.00",
3/4/2025 10:08:51,9788129135490,"FIVE POINT SOMEONE, Chetan Bhagat","Fiction & Literature, Fiction",Paperback,Rs 475.00,₹ 295.00,,,2,,Rs 950.00,
3/4/2025 10:08:51,9788129135728,"HALF GIRLFRIEND, Chetan Bhagat","Fiction & Literature, Fiction",Paperback,Rs 475.00,₹ 295.00,,,2,,Rs 950.00,
3/4/2025 10:08:51,9788129135513,"THE 3 MISTAKES OF MY LIFE, Chetan Bhagat","Fiction & Literature, Fiction",Paperback,Rs 475.00,₹ 295.00,,,2,,Rs 950.00,
3/4/2025 10:08:51,9788129135544,"WHAT YOUNG INDIA WANTS, Chetan Bhagat",Non-Fiction,Paperback,Rs 225.00,₹ 140.00,,,1,,Rs 225.00,
3/4/2025 10:08:51,9781542094139,"One Arranged Murder, Chetan Bhagat","Fiction & Literature, Fiction",Paperback,Rs 360.00,₹ 225.00,,,2,,Rs 720.00,
3/4/2025 10:08:51,9789382277521,"The Lives we have Lost, Manjushree Thapa",Non-Fiction,Paperback,Rs 475.00,₹ 295.00,,,2,,Rs 950.00,
3/4/2025 10:08:51,9789382277507,"A Boy from Siklis: The Life and Times of Chandra Gurung, Manjushree Thapa",Non-Fiction,Paperback,Rs 400.00,₹ 250.00,,,2,,Rs 800.00,
3/4/2025 10:08:51,9789382277002,"Forget Kathmandu: An Elegy For Democracy, Manjushree Thapa",Non-Fiction,Paperback,Rs 640.00,₹ 399.00,,,2,,"Rs 1,280.00",
3/4/2025 10:08:51,9789382277514,"Tilled Earth, Manjushree Thapa","Fiction & Literature, Fiction",Paperback,Rs 480.00,₹ 299.00,,,2,,Rs 960.00,
3/4/2025 10:08:51,9789382277026,"The Tutor Of History, Manjushree Thapa","Fiction & Literature, Fiction",Paperback,Rs 960.00,₹ 599.00,,,1,,Rs 960.00,
3/4/2025 10:08:51,9789382277378,"All of Us in Our Own Lives, Manjushree Thapa","Fiction & Literature, Fiction",Paperback,Rs 640.00,₹ 399.00,,,1,,Rs 640.00,
3/4/2025 10:08:51,9780008602949,"8 RULES OF LOVE, Jay Shetty","Self-Help, Non-Fiction",Paperback,Rs 800.00,₹ 499.00,,,2,,"Rs 1,600.00",
3/4/2025 10:08:51,9780008386597,"Think Like a Monk, Jay Shetty","Self-Help, Non-Fiction",Paperback,Rs 800.00,₹ 499.00,,,2,,"Rs 1,600.00",
3/4/2025 10:08:51,9780007190621,Start Where You Are: How To Accept Yourself And Others,"Self-Help, Non-Fiction",Paperback,Rs 800.00,₹ 499.00,,,1,,Rs 800.00,
3/4/2025 10:08:51,9780143424123,Ignited Minds Unleasing the Power within India,Non-Fiction,Paperback,Rs 320.00,₹ 199.00,,,1,,Rs 320.00,
3/4/2025 10:08:51,9788175993280,The Autobiography of Benjamin Franklin,"Biography & Autobiography, Non-Fiction",Paperback,Rs 320.00,₹ 199.00,,,1,,Rs 320.00,
3/4/2025 10:08:51,9788126575091,Stop Selling and Start Leading: How to Make Extraordinary Sales Happen,"Business & Management, Economics, Business & Economics & Finance",Hardcover,Rs 800.00,₹ 499.00,,,1,,Rs 800.00,
3/4/2025 10:08:51,9780743260879,Competitive Advantage: Creating and Sustaining Superior Performance,Unknown,Paperback,,,,,1,,Rs 0.00,
3/4/2025 10:08:51,9780743260886,Competitive Strategy: Techniques for Analyzing Industries and Competitors,Unknown,Paperback,"Rs 1,440.00",₹ 899.00,,,1,,"Rs 1,440.00",
3/4/2025 10:08:51,9789386867346,The Science of Money,"Self-Help, Business & Management, Non-Fiction, Business & Economics & Finance",Paperback,Rs 640.00,₹ 399.00,,,1,,Rs 640.00,
3/4/2025 10:08:51,9788190105910,The Power Of Now,"Self-Help, Non-Fiction",Paperback,Rs 960.00,₹ 599.00,,,1,,Rs 960.00,
3/4/2025 10:08:51,9781501191848,Best Team Wins,"Business & Management, Economics, Business & Economics & Finance",Paperback,Rs 800.00,₹ 499.00,,,1,,Rs 800.00,
3/4/2025 10:08:51,9789357020701,50 Greatest Love Stories ,Unknown,Paperback,Rs 795.00,₹ 495.00,,,1,,Rs 795.00,
3/4/2025 10:08:51,9780349416069,Good Profit,"Business & Management, Business & Economics & Finance",Paperback,Rs 960.00,,£ 9.99,,1,,Rs 960.00,
3/4/2025 10:08:51,9789354405822,Greatest Russian Stories,Unknown,Paperback,Rs 480.00,₹ 299.00,,,1,,Rs 480.00,
3/4/2025 10:08:51,9781612680897,"Second Chance: for Your Money, Your Life and Our World, Robert T. Kiyosaki","Self-Help, Economics, Non-Fiction",Paperback,Rs 640.00,₹ 399.00,,,1,,Rs 640.00,
3/4/2025 10:08:51,9781612681139,"Rich Dad Poor Dad: What the Rich Teach Their Kids About Money That the Poor and Middle Class Do Not!, Robert T. Kiyosaki","Self-Help, Non-Fiction",Paperback,Rs 960.00,₹ 599.00,,,3,,"Rs 2,880.00",
3/4/2025 10:08:51,9781612680064,"Rich Dad''s CASHFLOW Quadrant, Robert T. Kiyosaki","Self-Help, Non-Fiction",Paperback,Rs 880.00,₹ 550.00,,,2,,"Rs 1,760.00",
3/4/2025 10:08:51,9781612680217,"Rich Dad's Guide to Investing, Robert T. Kiyosaki","Self-Help, Non-Fiction",Paperback,Rs 960.00,₹ 599.00,,,1,,Rs 960.00,
3/4/2025 10:08:51,9781612680972,"Why the Rich Are Getting Richer, Robert T. Kiyosaki","Self-Help, Non-Fiction",Paperback,Rs 800.00,,,,2,,"Rs 1,600.00",
3/4/2025 10:08:51,9780008118044,The Hobbit,"Fiction & Literature, Fiction",Paperback,Rs 800.00,₹ 499.00,,,1,,Rs 800.00,
3/4/2025 10:08:51,9788121606752,Old Path White Clouds,"Biography & Autobiography, Non-Fiction",Paperback,Rs 800.00,₹ 499.00,,,1,,Rs 800.00,
3/4/2025 10:08:51,9789395073479,ALL ROADS LEAD NORTH : NEPALS TURN TO CHINA,Non-Fiction,Paperback,Rs 800.00,₹ 499.00,,,1,,Rs 800.00,
3/4/2025 10:08:51,9780143447276,A Life in Diplomacy,Non-Fiction,Paperback,Rs 800.00,₹ 499.00,,,1,,Rs 800.00,
3/4/2025 10:08:51,9780192831156,Historical Records (World's Classics),"History & Political Science, Humanities & Social Sciences",Paperback,,,,,1,,Rs 0.00,
3/4/2025 10:08:51,9789386832832,"Good Vibes, Good Life: How Self-Love Is the Key to Unlocking Your Greatness","Self-Help, Non-Fiction",Paperback,Rs 800.00,₹ 499.00,,,1,,Rs 800.00,
3/4/2025 10:08:51,9780099771111,The Snow Leopard,Unknown,Paperback,Rs 640.00,₹ 399.00,,,1,,Rs 640.00,
3/4/2025 10:08:51,9788184002805,Poor Economics: Rethinking Poverty & the Ways to End it,"Non-Fiction, Economics, Business & Economics & Finance",Paperback,Rs 800.00,₹ 499.00,,,1,,Rs 800.00,
3/4/2025 10:08:51,9781722506605,"6 Essentials to Start & Succeed in Your Own Business: What Top Entrepreneurs Know, That Others Don't","Self-Help, Business & Management, Non-Fiction, Business & Economics & Finance",Paperback,Rs 640.00,₹ 399.00,,,2,,"Rs 1,280.00",
3/4/2025 10:08:51,9781523095131,Eat That Frog! ,"Business & Management, Economics",Paperback,Rs 480.00,₹ 299.00,,,3,,"Rs 1,440.00",
3/4/2025 10:08:51,9781846043758,The First and Last Freedom,Religion & Philosophy,Paperback,Rs 560.00,₹ 350.00,,,1,,Rs 560.00,
3/4/2025 10:08:51,9780141029191,Quiet,"Self-Help, Non-Fiction",Paperback,Rs 960.00,₹ 599.00,,,1,,Rs 960.00,
3/4/2025 10:08:51,9781781259818,"IDENTITY, Francis Fukuyama","Non-Fiction, History & Political Science, Humanities & Social Sciences",Paperback,Rs 800.00,₹ 499.00,,,1,,Rs 800.00,
3/4/2025 10:08:51,9780143423997,Discontent and Its Civilizations,"History & Political Science, Biography & Autobiography, Humanities & Social Sciences, Non-Fiction",Paperback,Rs 640.00,₹ 399.00,,,1,,Rs 640.00,
3/4/2025 10:08:51,9781760630720,"The Courage To Be Disliked: How to free yourself, change your life and achieve real happiness","Self-Help, Non-Fiction",Hardcover,Rs 800.00,₹ 499.00,,,1,,Rs 800.00,
3/4/2025 10:08:51,9781599186528,Million Dollar Habits: Proven Power Practices to Double and Triple Your Income,"Self-Help, Non-Fiction",Paperback,Rs 640.00,₹ 399.00,,,1,,Rs 640.00,
3/4/2025 10:08:51,9781404115040,"Focal Point : A Proven System to Simplify Your Life, Double Your Productivity, and Achieve All Your Goals","Business & Management, Economics, Business & Economics & Finance",Paperback,Rs 640.00,₹ 399.00,,,2,,"Rs 1,280.00",
3/4/2025 10:08:51,9788184959024,Get Smart!,"Self-Help, Non-Fiction",Paperback,Rs 560.00,₹ 350.00,,,2,,"Rs 1,120.00",
3/4/2025 10:08:51,9789386867346,The Science of Money,"Self-Help, Business & Management, Non-Fiction, Business & Economics & Finance",Paperback,Rs 640.00,₹ 399.00,,,1,,Rs 640.00,
3/4/2025 10:08:51,9780143447429,The Barefoot Surgeon: The Inspirational: The inspirational story of Dr. Sanduk Ruit,"Biography & Autobiography, Non-Fiction",Paperback,Rs 640.00,₹ 399.00,,,2,,"Rs 1,280.00",
3/4/2025 10:08:51,9781722506377,"Get Rich Now: Earn More Money, Faster and Easier than Ever Before","Self-Help, Non-Fiction",Paperback,Rs 640.00,₹ 399.00,,,3,,"Rs 1,920.00",
3/5/2025 13:03:46,9788129135230,"The City Son: A Novel, Samrat Upadhyay","Fiction & Literature, Fiction",Paperback,Rs 475.00,₹ 295.00,,,1,,Rs 475.00,
3/5/2025 13:03:46,9788129124319,"The Vanishing Act Stories, Samrat Upadhyay","Fiction & Literature, Fiction",Paperback,Rs 400.00,₹ 250.00,,,2,,Rs 800.00,
3/5/2025 13:03:46,9788129148919,"Mad Country: Stories, Samrat Upadhyay","Fiction & Literature, Fiction",Paperback,Rs 475.00,₹ 295.00,,,1,,Rs 475.00,
3/5/2025 13:03:46,9780618247271,"The Guru of Love, Samrat Upadhyay","Fiction & Literature, Fiction",Paperback,Rs 475.00,₹ 295.00,,,2,,Rs 950.00,
3/5/2025 13:03:46,9788129109156,"Royal Ghosts, Samrat Upadhyay","Fiction & Literature, Fiction",Paperback,Rs 475.00,₹ 295.00,,,2,,Rs 950.00,
3/5/2025 13:03:46,9788129116178,"Buddha's Orphans, Samrat Upadhyay","Fiction & Literature, Fiction",Paperback,Rs 475.00,₹ 295.00,,,2,,Rs 950.00,
3/5/2025 13:03:46,9781408844441,"A Thousand Splendid Suns, Khaled Hosseini","Fiction & Literature, Fiction",Paperback,Rs 960.00,₹ 599.00,,,1,,Rs 960.00,
3/5/2025 13:03:46,9781408850251,"The Kite Runner, Khaled Hosseini","Fiction & Literature, Fiction",Paperback,Rs 960.00,₹ 599.00,,,2,,"Rs 1,920.00",
3/5/2025 13:03:46,9789384898083,"And the Mountains Echoed, Khaled Hosseini","Fiction & Literature, Fiction",Paperback,Rs 960.00,₹ 599.00,,,1,,Rs 960.00,
3/5/2025 13:03:46,9788179922323,"Who Will Cry When You Die?, Robin Sharma","Self-Help, Non-Fiction",Paperback,Rs 400.00,₹ 250.00,,,2,,Rs 800.00,
3/5/2025 13:03:46,9788179921623,"The Monk Who Sold His Ferrari, Robin Sharma","Self-Help, Non-Fiction",Paperback,Rs 400.00,₹ 250.00,,,2,,Rs 800.00,
3/5/2025 13:03:46,9789387944893,The 5 AM Club – Own Your Morning. Elevate Your Life,"Self-Help, Non-Fiction",Paperback,Rs 640.00,₹ 399.00,,,2,,"Rs 1,280.00",
,,,,,,,,,,,Rs 0.00,
,,,,,,,,,,,Rs 0.00,
,,,,,,,,,,,Rs 0.00,
,,,,,,,,,,,Rs 0.00,
,,,,,,,,,,,Rs 0.00,
,,,,,,,,,,,Rs 0.00,
,,,,,,,,,,,Rs 0.00,
,,,,,,,,,,,Rs 0.00,
,,,,,,,,,,,Rs 0.00,
,,,,,,,,,,,Rs 0.00,
,,,,,,,,,,,Rs 0.00,
,,,,,,,,,,,Rs 0.00,
,,,,,,,,,,,Rs 0.00,
,,,,,,,,,,,Rs 0.00,
,,,,,,,,,,,Rs 0.00,
,,,,,,,,,,,Rs 0.00,
,,,,,,,,,,,Rs 0.00,
,,,,,,,,,,,Rs 0.00,
,,,,,,,,,,,Rs 0.00,
,,,,,,,,,,,Rs 0.00,
,,,,,,,,,,,Rs 0.00,
,,,,,,,,,,,Rs 0.00,
,,,,,,,,,,,Rs 0.00,
,,,,,,,,,,,Rs 0.00,
,,,,,,,,,,,Rs 0.00,
,,,,,,,,,,,Rs 0.00,
,,,,,,,,,,,Rs 0.00,
,,,,,,,,,,,Rs 0.00,
,,,,,,,,,,,Rs 0.00,
,,,,,,,,,,,Rs 0.00,
,,,,,,,,,,,Rs 0.00,
,,,,,,,,,,,Rs 0.00,
,,,,,,,,,,,Rs 0.00,
,,,,,,,,,,,Rs 0.00,
,,,,,,,,,,,Rs 0.00,
,,,,,,,,,,,Rs 0.00,
,,,,,,,,,,,Rs 0.00,
,,,,,,,,,,,Rs 0.00,
,,,,,,,,,,,Rs 0.00,
,,,,,,,,,,,Rs 0.00,
,,,,,,,,,,,Rs 0.00,
,,,,,,,,,,,Rs 0.00,
,,,,,,,,,,,Rs 0.00,
,,,,,,,,,,,Rs 0.00,
,,,,,,,,,,,Rs 0.00,
,,,,,,,,,,,Rs 0.00,
,,,,,,,,,,,Rs 0.00,
,,,,,,,,,,,Rs 0.00,
,,,,,,,,,,,Rs 0.00,
,,,,,,,,,,,Rs 0.00,
,,,,,,,,,,,Rs 0.00,
,,,,,,,,,,,Rs 0.00,
,,,,,,,,,,,Rs 0.00,
,,,,,,,,,,,Rs 0.00,
,,,,,,,,,,,Rs 0.00,
,,,,,,,,,,,Rs 0.00,
,,,,,,,,,,,Rs 0.00,
,,,,,,,,,,,Rs 0.00,
,,,,,,,,,,,Rs 0.00,
,,,,,,,,,,,Rs 0.00,
,,,,,,,,,,,Rs 0.00,
,,,,,,,,,,,Rs 0.00,
,,,,,,,,,,,Rs 0.00,
,,,,,,,,,,,Rs 0.00,
,,,,,,,,,,,Rs 0.00,
,,,,,,,,,,,Rs 0.00,
,,,,,,,,,,,Rs 0.00,
,,,,,,,,,,,Rs 0.00,
,,,,,,,,,,,Rs 0.00,
,,,,,,,,,,,Rs 0.00,
,,,,,,,,,,,Rs 0.00,
,,,,,,,,,,,Rs 0.00,
,,,,,,,,,,,Rs 0.00,
,,,,,,,,,,,Rs 0.00,
,,,,,,,,,,,Rs 0.00,
,,,,,,,,,,,Rs 0.00,
,,,,,,,,,,,Rs 0.00,
,,,,,,,,,,,Rs 0.00,
,,,,,,,,,,,Rs 0.00,
,,,,,,,,,,,Rs 0.00,
,,,,,,,,,,,Rs 0.00,
,,,,,,,,,,,Rs 0.00,
,,,,,,,,,,,Rs 0.00,
,,,,,,,,,,,Rs 0.00,
,,,,,,,,,,,Rs 0.00,
,,,,,,,,,,,Rs 0.00,
,,,,,,,,,,,Rs 0.00,
,,,,,,,,,,,Rs 0.00,
,,,,,,,,,,,Rs 0.00,
,,,,,,,,,,,Rs 0.00,
,,,,,,,,,,,Rs 0.00,
,,,,,,,,,,,Rs 0.00,
,,,,,,,,,,,Rs 0.00,
,,,,,,,,,,,Rs 0.00,
,,,,,,,,,,,Rs 0.00,
,,,,,,,,,,,Rs 0.00,
,,,,,,,,,,,Rs 0.00,
,,,,,,,,,,,Rs 0.00,
,,,,,,,,,,,Rs 0.00,
,,,,,,,,,,,Rs 0.00,
,,,,,,,,,,,Rs 0.00,
,,,,,,,,,,,Rs 0.00,
,,,,,,,,,,,Rs 0.00,
,,,,,,,,,,,Rs 0.00,
,,,,,,,,,,,Rs 0.00,
,,,,,,,,,,,Rs 0.00,
,,,,,,,,,,,Rs 0.00,
,,,,,,,,,,,Rs 0.00,
,,,,,,,,,,,Rs 0.00,
,,,,,,,,,,,Rs 0.00,
,,,,,,,,,,,Rs 0.00,
,,,,,,,,,,,Rs 0.00,
,,,,,,,,,,,Rs 0.00,
,,,,,,,,,,,Rs 0.00,
,,,,,,,,,,,Rs 0.00,
,,,,,,,,,,,Rs 0.00,
,,,,,,,,,,,Rs 0.00,
,,,,,,,,,,,Rs 0.00,
,,,,,,,,,,,Rs 0.00,
,,,,,,,,,,,Rs 0.00,
,,,,,,,,,,,Rs 0.00,
,,,,,,,,,,,Rs 0.00,
,,,,,,,,,,,Rs 0.00,
,,,,,,,,,,,Rs 0.00,
,,,,,,,,,,,Rs 0.00,
,,,,,,,,,,,Rs 0.00,
,,,,,,,,,,,Rs 0.00,
,,,,,,,,,,,Rs 0.00,
,,,,,,,,,,,Rs 0.00,
,,,,,,,,,,,Rs 0.00,
,,,,,,,,,,,Rs 0.00,
,,,,,,,,,,,Rs 0.00,
,,,,,,,,,,,Rs 0.00,
,,,,,,,,,,,Rs 0.00,
,,,,,,,,,,,Rs 0.00,
,,,,,,,,,,,Rs 0.00,
,,,,,,,,,,,Rs 0.00,
,,,,,,,,,,,Rs 0.00,
,,,,,,,,,,,Rs 0.00,
,,,,,,,,,,,Rs 0.00,
,,,,,,,,,,,Rs 0.00,
,,,,,,,,,,,Rs 0.00,
,,,,,,,,,,,Rs 0.00,
,,,,,,,,,,,Rs 0.00,
,,,,,,,,,,,Rs 0.00,
,,,,,,,,,,,Rs 0.00,
,,,,,,,,,,,Rs 0.00,
,,,,,,,,,,,Rs 0.00,
,,,,,,,,,,,Rs 0.00,
,,,,,,,,,,,Rs 0.00,
,,,,,,,,,,,Rs 0.00,
,,,,,,,,,,,Rs 0.00,
,,,,,,,,,,,Rs 0.00,
,,,,,,,,,,,Rs 0.00,
,,,,,,,,,,,Rs 0.00,
,,,,,,,,,,,Rs 0.00,
,,,,,,,,,,,Rs 0.00,
,,,,,,,,,,,Rs 0.00,
,,,,,,,,,,,Rs 0.00,
,,,,,,,,,,,Rs 0.00,
,,,,,,,,,,,Rs 0.00,
,,,,,,,,,,,Rs 0.00,
,,,,,,,,,,,Rs 0.00,
,,,,,,,,,,,Rs 0.00,
,,,,,,,,,,,Rs 0.00,
,,,,,,,,,,,Rs 0.00,
,,,,,,,,,,,Rs 0.00,
,,,,,,,,,,,Rs 0.00,
,,,,,,,,,,,Rs 0.00,
,,,,,,,,,,,Rs 0.00,
,,,,,,,,,,,Rs 0.00,
,,,,,,,,,,,Rs 0.00,
,,,,,,,,,,,Rs 0.00,
,,,,,,,,,,,Rs 0.00,
,,,,,,,,,,,Rs 0.00,
,,,,,,,,,,,Rs 0.00,
,,,,,,,,,,,Rs 0.00,
,,,,,,,,,,,Rs 0.00,
,,,,,,,,,,,Rs 0.00,
,,,,,,,,,,,Rs 0.00,
,,,,,,,,,,,Rs 0.00,
,,,,,,,,,,,Rs 0.00,
,,,,,,,,,,,Rs 0.00,
,,,,,,,,,,,Rs 0.00,
,,,,,,,,,,,Rs 0.00,
,,,,,,,,,,,Rs 0.00,
,,,,,,,,,,,Rs 0.00,
,,,,,,,,,,,Rs 0.00,
,,,,,,,,,,,Rs 0.00,
,,,,,,,,,,,Rs 0.00,
,,,,,,,,,,,Rs 0.00,
,,,,,,,,,,,Rs 0.00,
,,,,,,,,,,,Rs 0.00,
,,,,,,,,,,,Rs 0.00,
,,,,,,,,,,,Rs 0.00,
,,,,,,,,,,,Rs 0.00,
,,,,,,,,,,,Rs 0.00,
,,,,,,,,,,,Rs 0.00,
,,,,,,,,,,,Rs 0.00,
,,,,,,,,,,,Rs 0.00,
,,,,,,,,,,,Rs 0.00,
,,,,,,,,,,,Rs 0.00,
,,,,,,,,,,,Rs 0.00,
,,,,,,,,,,,Rs 0.00,
,,,,,,,,,,,Rs 0.00,
,,,,,,,,,,,Rs 0.00,
,,,,,,,,,,,Rs 0.00,
,,,,,,,,,,,Rs 0.00,
,,,,,,,,,,,Rs 0.00,
,,,,,,,,,,,Rs 0.00,
,,,,,,,,,,,Rs 0.00,
,,,,,,,,,,,Rs 0.00,
,,,,,,,,,,,Rs 0.00,
,,,,,,,,,,,Rs 0.00,
,,,,,,,,,,,Rs 0.00,
,,,,,,,,,,,Rs 0.00,
,,,,,,,,,,,Rs 0.00,
,,,,,,,,,,,Rs 0.00,
,,,,,,,,,,,Rs 0.00,
,,,,,,,,,,,Rs 0.00,
,,,,,,,,,,,Rs 0.00,
,,,,,,,,,,,Rs 0.00,
,,,,,,,,,,,Rs 0.00,
,,,,,,,,,,,Rs 0.00,
,,,,,,,,,,,Rs 0.00,
,,,,,,,,,,,Rs 0.00,
,,,,,,,,,,,Rs 0.00,
,,,,,,,,,,,Rs 0.00,
,,,,,,,,,,,Rs 0.00,
,,,,,,,,,,,Rs 0.00,
,,,,,,,,,,,Rs 0.00,
,,,,,,,,,,,Rs 0.00,
,,,,,,,,,,,Rs 0.00,
,,,,,,,,,,,Rs 0.00,
,,,,,,,,,,,Rs 0.00,
,,,,,,,,,,,Rs 0.00,
,,,,,,,,,,,Rs 0.00,
,,,,,,,,,,,Rs 0.00,
,,,,,,,,,,,Rs 0.00,
,,,,,,,,,,,Rs 0.00,
,,,,,,,,,,,Rs 0.00,
,,,,,,,,,,,Rs 0.00,
,,,,,,,,,,,Rs 0.00,
,,,,,,,,,,,Rs 0.00,
,,,,,,,,,,,Rs 0.00,
,,,,,,,,,,,Rs 0.00,
,,,,,,,,,,,Rs 0.00,
,,,,,,,,,,,Rs 0.00,
,,,,,,,,,,,Rs 0.00,
,,,,,,,,,,,Rs 0.00,
,,,,,,,,,,,Rs 0.00,
,,,,,,,,,,,Rs 0.00,
,,,,,,,,,,,Rs 0.00,
,,,,,,,,,,,Rs 0.00,
,,,,,,,,,,,Rs 0.00,
,,,,,,,,,,,Rs 0.00,
,,,,,,,,,,,Rs 0.00,
,,,,,,,,,,,Rs 0.00,
,,,,,,,,,,,Rs 0.00,
,,,,,,,,,,,Rs 0.00,
,,,,,,,,,,,Rs 0.00,
,,,,,,,,,,,Rs 0.00,
,,,,,,,,,,,Rs 0.00,
,,,,,,,,,,,Rs 0.00,
,,,,,,,,,,,Rs 0.00,
,,,,,,,,,,,Rs 0.00,
,,,,,,,,,,,Rs 0.00,
,,,,,,,,,,,Rs 0.00,
,,,,,,,,,,,Rs 0.00,
,,,,,,,,,,,Rs 0.00,
,,,,,,,,,,,Rs 0.00,
,,,,,,,,,,,Rs 0.00,
,,,,,,,,,,,Rs 0.00,
,,,,,,,,,,,Rs 0.00,
,,,,,,,,,,,Rs 0.00,
,,,,,,,,,,,Rs 0.00,
,,,,,,,,,,,Rs 0.00,
,,,,,,,,,,,Rs 0.00,
,,,,,,,,,,,Rs 0.00,
,,,,,,,,,,,Rs 0.00,
,,,,,,,,,,,Rs 0.00,
,,,,,,,,,,,Rs 0.00,
,,,,,,,,,,,Rs 0.00,
,,,,,,,,,,,Rs 0.00,
,,,,,,,,,,,Rs 0.00,
,,,,,,,,,,,Rs 0.00,
,,,,,,,,,,,Rs 0.00,
,,,,,,,,,,,Rs 0.00,
,,,,,,,,,,,Rs 0.00,
,,,,,,,,,,,Rs 0.00,
,,,,,,,,,,,Rs 0.00,
,,,,,,,,,,,Rs 0.00,
,,,,,,,,,,,Rs 0.00,
,,,,,,,,,,,Rs 0.00,
,,,,,,,,,,,Rs 0.00,
,,,,,,,,,,,Rs 0.00,
,,,,,,,,,,,Rs 0.00,
,,,,,,,,,,,Rs 0.00,
,,,,,,,,,,,Rs 0.00,
,,,,,,,,,,,Rs 0.00,
,,,,,,,,,,,Rs 0.00,
,,,,,,,,,,,Rs 0.00,
,,,,,,,,,,,Rs 0.00,
,,,,,,,,,,,Rs 0.00,
,,,,,,,,,,,Rs 0.00,
,,,,,,,,,,,Rs 0.00,
,,,,,,,,,,,Rs 0.00,
,,,,,,,,,,,Rs 0.00,
,,,,,,,,,,,Rs 0.00,
,,,,,,,,,,,Rs 0.00,
,,,,,,,,,,,Rs 0.00,
,,,,,,,,,,,Rs 0.00,
,,,,,,,,,,,Rs 0.00,
,,,,,,,,,,,Rs 0.00,
,,,,,,,,,,,Rs 0.00,
,,,,,,,,,,,Rs 0.00,
,,,,,,,,,,,Rs 0.00,
,,,,,,,,,,,Rs 0.00,
,,,,,,,,,,,Rs 0.00,
,,,,,,,,,,,Rs 0.00,
,,,,,,,,,,,Rs 0.00,
,,,,,,,,,,,Rs 0.00,
,,,,,,,,,,,Rs 0.00,
,,,,,,,,,,,Rs 0.00,
,,,,,,,,,,,Rs 0.00,
,,,,,,,,,,,Rs 0.00,
,,,,,,,,,,,Rs 0.00,
,,,,,,,,,,,Rs 0.00,
,,,,,,,,,,,Rs 0.00,
,,,,,,,,,,,Rs 0.00,
,,,,,,,,,,,Rs 0.00,
,,,,,,,,,,,Rs 0.00,
,,,,,,,,,,,Rs 0.00,
,,,,,,,,,,,Rs 0.00,
,,,,,,,,,,,Rs 0.00,
,,,,,,,,,,,Rs 0.00,
,,,,,,,,,,,Rs 0.00,
,,,,,,,,,,,Rs 0.00,
,,,,,,,,,,,Rs 0.00,
,,,,,,,,,,,Rs 0.00,
,,,,,,,,,,,Rs 0.00,
,,,,,,,,,,,Rs 0.00,
,,,,,,,,,,,Rs 0.00,
,,,,,,,,,,,Rs 0.00,
,,,,,,,,,,,Rs 0.00,
,,,,,,,,,,,Rs 0.00,
,,,,,,,,,,,Rs 0.00,
,,,,,,,,,,,Rs 0.00,
,,,,,,,,,,,Rs 0.00,
,,,,,,,,,,,Rs 0.00,
,,,,,,,,,,,Rs 0.00,
,,,,,,,,,,,Rs 0.00,
,,,,,,,,,,,Rs 0.00,
,,,,,,,,,,,Rs 0.00,
,,,,,,,,,,,Rs 0.00,
,,,,,,,,,,,Rs 0.00,
,,,,,,,,,,,Rs 0.00,
,,,,,,,,,,,Rs 0.00,
,,,,,,,,,,,Rs 0.00,
,,,,,,,,,,,Rs 0.00,
,,,,,,,,,,,Rs 0.00,
,,,,,,,,,,,Rs 0.00,
,,,,,,,,,,,Rs 0.00,
,,,,,,,,,,,Rs 0.00,
,,,,,,,,,,,Rs 0.00,
,,,,,,,,,,,Rs 0.00,
,,,,,,,,,,,Rs 0.00,
,,,,,,,,,,,Rs 0.00,
,,,,,,,,,,,Rs 0.00,
,,,,,,,,,,,Rs 0.00,
,,,,,,,,,,,Rs 0.00,
,,,,,,,,,,,Rs 0.00,
,,,,,,,,,,,Rs 0.00,
,,,,,,,,,,,Rs 0.00,
,,,,,,,,,,,Rs 0.00,
,,,,,,,,,,,Rs 0.00,
,,,,,,,,,,,Rs 0.00,
,,,,,,,,,,,Rs 0.00,
,,,,,,,,,,,Rs 0.00,
,,,,,,,,,,,Rs 0.00,
,,,,,,,,,,,Rs 0.00,
,,,,,,,,,,,Rs 0.00,
,,,,,,,,,,,Rs 0.00,
,,,,,,,,,,,Rs 0.00,
,,,,,,,,,,,Rs 0.00,
,,,,,,,,,,,Rs 0.00,
,,,,,,,,,,,Rs 0.00,
,,,,,,,,,,,Rs 0.00,
,,,,,,,,,,,Rs 0.00,
,,,,,,,,,,,Rs 0.00,
,,,,,,,,,,,Rs 0.00,
,,,,,,,,,,,Rs 0.00,
,,,,,,,,,,,Rs 0.00,
,,,,,,,,,,,Rs 0.00,
,,,,,,,,,,,Rs 0.00,
,,,,,,,,,,,Rs 0.00,
,,,,,,,,,,,Rs 0.00,
,,,,,,,,,,,Rs 0.00,
,,,,,,,,,,,Rs 0.00,
,,,,,,,,,,,Rs 0.00,
,,,,,,,,,,,Rs 0.00,
,,,,,,,,,,,Rs 0.00,
,,,,,,,,,,,Rs 0.00,
,,,,,,,,,,,Rs 0.00,
,,,,,,,,,,,Rs 0.00,
,,,,,,,,,,,Rs 0.00,
,,,,,,,,,,,Rs 0.00,
,,,,,,,,,,,Rs 0.00,
,,,,,,,,,,,Rs 0.00,
,,,,,,,,,,,Rs 0.00,
,,,,,,,,,,,Rs 0.00,
,,,,,,,,,,,Rs 0.00,
,,,,,,,,,,,Rs 0.00,
,,,,,,,,,,,Rs 0.00,
,,,,,,,,,,,Rs 0.00,
,,,,,,,,,,,Rs 0.00,
,,,,,,,,,,,Rs 0.00,
,,,,,,,,,,,Rs 0.00,
,,,,,,,,,,,Rs 0.00,
,,,,,,,,,,,Rs 0.00,
,,,,,,,,,,,Rs 0.00,
,,,,,,,,,,,Rs 0.00,
,,,,,,,,,,,Rs 0.00,
,,,,,,,,,,,Rs 0.00,
,,,,,,,,,,,Rs 0.00,
,,,,,,,,,,,Rs 0.00,
,,,,,,,,,,,Rs 0.00,
,,,,,,,,,,,Rs 0.00,
,,,,,,,,,,,Rs 0.00,
,,,,,,,,,,,Rs 0.00,
,,,,,,,,,,,Rs 0.00,
,,,,,,,,,,,Rs 0.00,
,,,,,,,,,,,Rs 0.00,
,,,,,,,,,,,Rs 0.00,
,,,,,,,,,,,Rs 0.00,
,,,,,,,,,,,Rs 0.00,
,,,,,,,,,,,Rs 0.00,
,,,,,,,,,,,Rs 0.00,
,,,,,,,,,,,Rs 0.00,
,,,,,,,,,,,Rs 0.00,
,,,,,,,,,,,Rs 0.00,
,,,,,,,,,,,Rs 0.00,
,,,,,,,,,,,Rs 0.00,
,,,,,,,,,,,Rs 0.00,
,,,,,,,,,,,Rs 0.00,
,,,,,,,,,,,Rs 0.00,
,,,,,,,,,,,Rs 0.00,
,,,,,,,,,,,Rs 0.00,
,,,,,,,,,,,Rs 0.00,
,,,,,,,,,,,Rs 0.00,
,,,,,,,,,,,Rs 0.00,
,,,,,,,,,,,Rs 0.00,
,,,,,,,,,,,Rs 0.00,
,,,,,,,,,,,Rs 0.00,
,,,,,,,,,,,Rs 0.00,
,,,,,,,,,,,Rs 0.00,
,,,,,,,,,,,Rs 0.00,
,,,,,,,,,,,Rs 0.00,
,,,,,,,,,,,Rs 0.00,
,,,,,,,,,,,Rs 0.00,
,,,,,,,,,,,Rs 0.00,
,,,,,,,,,,,Rs 0.00,
,,,,,,,,,,,Rs 0.00,
,,,,,,,,,,,Rs 0.00,
,,,,,,,,,,,Rs 0.00,
,,,,,,,,,,,Rs 0.00,
,,,,,,,,,,,Rs 0.00,
,,,,,,,,,,,Rs 0.00,
,,,,,,,,,,,Rs 0.00,
,,,,,,,,,,,Rs 0.00,
,,,,,,,,,,,Rs 0.00,
,,,,,,,,,,,Rs 0.00,
,,,,,,,,,,,Rs 0.00,
,,,,,,,,,,,Rs 0.00,
,,,,,,,,,,,Rs 0.00,
,,,,,,,,,,,Rs 0.00,
,,,,,,,,,,,Rs 0.00,
,,,,,,,,,,,Rs 0.00,
,,,,,,,,,,,Rs 0.00,
,,,,,,,,,,,Rs 0.00,
,,,,,,,,,,,Rs 0.00,
,,,,,,,,,,,Rs 0.00,
,,,,,,,,,,,Rs 0.00,
,,,,,,,,,,,Rs 0.00,
,,,,,,,,,,,Rs 0.00,
,,,,,,,,,,,Rs 0.00,
,,,,,,,,,,,Rs 0.00,
,,,,,,,,,,,Rs 0.00,
,,,,,,,,,,,Rs 0.00,
,,,,,,,,,,,Rs 0.00,
,,,,,,,,,,,Rs 0.00,
,,,,,,,,,,,Rs 0.00,
,,,,,,,,,,,Rs 0.00,
,,,,,,,,,,,Rs 0.00,
,,,,,,,,,,,Rs 0.00,
,,,,,,,,,,,Rs 0.00,
,,,,,,,,,,,Rs 0.00,
,,,,,,,,,,,Rs 0.00,
,,,,,,,,,,,Rs 0.00,
,,,,,,,,,,,Rs 0.00,
,,,,,,,,,,,Rs 0.00,
,,,,,,,,,,,Rs 0.00,
,,,,,,,,,,,Rs 0.00,
,,,,,,,,,,,Rs 0.00,
,,,,,,,,,,,Rs 0.00,
,,,,,,,,,,,Rs 0.00,
,,,,,,,,,,,Rs 0.00,
,,,,,,,,,,,Rs 0.00,
,,,,,,,,,,,Rs 0.00,
,,,,,,,,,,,Rs 0.00,
,,,,,,,,,,,Rs 0.00,
,,,,,,,,,,,Rs 0.00,
,,,,,,,,,,,Rs 0.00,
,,,,,,,,,,,Rs 0.00,
,,,,,,,,,,,Rs 0.00,
,,,,,,,,,,,Rs 0.00,
,,,,,,,,,,,Rs 0.00,
,,,,,,,,,,,Rs 0.00,
,,,,,,,,,,,Rs 0.00,
,,,,,,,,,,,Rs 0.00,
,,,,,,,,,,,Rs 0.00,
,,,,,,,,,,,Rs 0.00,
,,,,,,,,,,,Rs 0.00,
,,,,,,,,,,,Rs 0.00,
,,,,,,,,,,,Rs 0.00,
,,,,,,,,,,,Rs 0.00,
,,,,,,,,,,,Rs 0.00,
,,,,,,,,,,,Rs 0.00,
,,,,,,,,,,,Rs 0.00,
,,,,,,,,,,,Rs 0.00,
,,,,,,,,,,,Rs 0.00,
,,,,,,,,,,,Rs 0.00,
,,,,,,,,,,,Rs 0.00,
,,,,,,,,,,,Rs 0.00,
,,,,,,,,,,,Rs 0.00,
,,,,,,,,,,,Rs 0.00,
,,,,,,,,,,,Rs 0.00,
,,,,,,,,,,,Rs 0.00,
,,,,,,,,,,,Rs 0.00,
,,,,,,,,,,,Rs 0.00,
,,,,,,,,,,,Rs 0.00,
,,,,,,,,,,,Rs 0.00,
,,,,,,,,,,,Rs 0.00,
,,,,,,,,,,,Rs 0.00,
,,,,,,,,,,,Rs 0.00,
,,,,,,,,,,,Rs 0.00,
,,,,,,,,,,,Rs 0.00,
,,,,,,,,,,,Rs 0.00,
,,,,,,,,,,,Rs 0.00,
,,,,,,,,,,,Rs 0.00,
,,,,,,,,,,,Rs 0.00,
,,,,,,,,,,,Rs 0.00,
,,,,,,,,,,,Rs 0.00,
,,,,,,,,,,,Rs 0.00,
,,,,,,,,,,,Rs 0.00,
,,,,,,,,,,,Rs 0.00,
,,,,,,,,,,,Rs 0.00,
,,,,,,,,,,,Rs 0.00,
,,,,,,,,,,,Rs 0.00,
,,,,,,,,,,,Rs 0.00,
,,,,,,,,,,,Rs 0.00,
,,,,,,,,,,,Rs 0.00,
,,,,,,,,,,,Rs 0.00,
,,,,,,,,,,,Rs 0.00,
,,,,,,,,,,,Rs 0.00,
,,,,,,,,,,,Rs 0.00,
,,,,,,,,,,,Rs 0.00,
,,,,,,,,,,,Rs 0.00,
,,,,,,,,,,,Rs 0.00,
,,,,,,,,,,,Rs 0.00,
,,,,,,,,,,,Rs 0.00,
,,,,,,,,,,,Rs 0.00,
,,,,,,,,,,,Rs 0.00,
,,,,,,,,,,,Rs 0.00,
,,,,,,,,,,,Rs 0.00,
,,,,,,,,,,,Rs 0.00,
,,,,,,,,,,,Rs 0.00,
,,,,,,,,,,,Rs 0.00,
,,,,,,,,,,,Rs 0.00,
,,,,,,,,,,,Rs 0.00,
,,,,,,,,,,,Rs 0.00,
,,,,,,,,,,,Rs 0.00,
,,,,,,,,,,,Rs 0.00,